<Anims>
 <anim name="anim" root="respiratormask" numframes="1000" framerate="40">
  <frame idx="0" w="237" h="269" x="-42.207001" y="-79.815506">
   <element name="swap_hat" layername="swap_hat-3" frame="3" z_index="4" m_a="0.705290" m_b="0.000000" m_c="0.000000" m_d="0.705290" m_tx="7.592179" m_ty="-2.478771"/>
  </frame>
  <frame idx="25" w="237" h="269" x="-42.207001" y="-79.815506">
   <element name="swap_hat" layername="swap_hat-3" frame="3" z_index="4" m_a="0.705290" m_b="0.000000" m_c="0.000000" m_d="0.705290" m_tx="7.592179" m_ty="-2.478771"/>
  </frame>
  <frame idx="50" w="237" h="269" x="-42.207001" y="-79.815506">
   <element name="swap_hat" layername="swap_hat-3" frame="3" z_index="4" m_a="0.705290" m_b="0.000000" m_c="0.000000" m_d="0.705290" m_tx="7.592179" m_ty="-2.478771"/>
  </frame>
  <frame idx="75" w="237" h="269" x="-42.207001" y="-79.815506">
   <element name="swap_hat" layername="swap_hat-3" frame="3" z_index="4" m_a="0.705290" m_b="0.000000" m_c="0.000000" m_d="0.705290" m_tx="7.592179" m_ty="-2.478771"/>
  </frame>
  <frame idx="100" w="237" h="269" x="-42.207001" y="-79.815506">
   <element name="swap_hat" layername="swap_hat-3" frame="3" z_index="4" m_a="0.705290" m_b="0.000000" m_c="0.000000" m_d="0.705290" m_tx="7.592179" m_ty="-2.478771"/>
  </frame>
  <frame idx="125" w="237" h="269" x="-42.207001" y="-79.815506">
   <element name="swap_hat" layername="swap_hat-3" frame="3" z_index="4" m_a="0.705290" m_b="0.000000" m_c="0.000000" m_d="0.705290" m_tx="7.592179" m_ty="-2.478771"/>
  </frame>
  <frame idx="150" w="237" h="269" x="-42.207001" y="-79.815506">
   <element name="swap_hat" layername="swap_hat-3" frame="3" z_index="4" m_a="0.705290" m_b="0.000000" m_c="0.000000" m_d="0.705290" m_tx="7.592179" m_ty="-2.478771"/>
  </frame>
  <frame idx="175" w="237" h="269" x="-42.207001" y="-79.815506">
   <element name="swap_hat" layername="swap_hat-3" frame="3" z_index="4" m_a="0.705290" m_b="0.000000" m_c="0.000000" m_d="0.705290" m_tx="7.592179" m_ty="-2.478771"/>
  </frame>
  <frame idx="200" w="237" h="269" x="-42.207001" y="-79.815506">
   <element name="swap_hat" layername="swap_hat-3" frame="3" z_index="4" m_a="0.705290" m_b="0.000000" m_c="0.000000" m_d="0.705290" m_tx="7.592179" m_ty="-2.478771"/>
  </frame>
  <frame idx="225" w="237" h="269" x="-42.207001" y="-79.815506">
   <element name="swap_hat" layername="swap_hat-3" frame="3" z_index="4" m_a="0.705290" m_b="0.000000" m_c="0.000000" m_d="0.705290" m_tx="7.592179" m_ty="-2.478771"/>
  </frame>
  <frame idx="250" w="237" h="269" x="-42.207001" y="-79.815506">
   <element name="swap_hat" layername="swap_hat-3" frame="3" z_index="4" m_a="0.705290" m_b="0.000000" m_c="0.000000" m_d="0.705290" m_tx="7.592179" m_ty="-2.478771"/>
  </frame>
  <frame idx="275" w="237" h="269" x="-42.207001" y="-79.815506">
   <element name="swap_hat" layername="swap_hat-3" frame="3" z_index="4" m_a="0.705290" m_b="0.000000" m_c="0.000000" m_d="0.705290" m_tx="7.592179" m_ty="-2.478771"/>
  </frame>
  <frame idx="300" w="237" h="269" x="-42.207001" y="-79.815506">
   <element name="swap_hat" layername="swap_hat-3" frame="3" z_index="4" m_a="0.705290" m_b="0.000000" m_c="0.000000" m_d="0.705290" m_tx="7.592179" m_ty="-2.478771"/>
  </frame>
  <frame idx="325" w="237" h="269" x="-42.207001" y="-79.815506">
   <element name="swap_hat" layername="swap_hat-3" frame="3" z_index="4" m_a="0.705290" m_b="0.000000" m_c="0.000000" m_d="0.705290" m_tx="7.592179" m_ty="-2.478771"/>
  </frame>
  <frame idx="350" w="237" h="269" x="-42.207001" y="-79.815506">
   <element name="swap_hat" layername="swap_hat-3" frame="3" z_index="4" m_a="0.705290" m_b="0.000000" m_c="0.000000" m_d="0.705290" m_tx="7.592179" m_ty="-2.478771"/>
  </frame>
  <frame idx="375" w="237" h="269" x="-42.207001" y="-79.815506">
   <element name="swap_hat" layername="swap_hat-3" frame="3" z_index="4" m_a="0.705290" m_b="0.000000" m_c="0.000000" m_d="0.705290" m_tx="7.592179" m_ty="-2.478771"/>
  </frame>
  <frame idx="400" w="237" h="269" x="-42.207001" y="-79.815506">
   <element name="swap_hat" layername="swap_hat-3" frame="3" z_index="4" m_a="0.705290" m_b="0.000000" m_c="0.000000" m_d="0.705290" m_tx="7.592179" m_ty="-2.478771"/>
  </frame>
  <frame idx="425" w="237" h="269" x="-42.207001" y="-79.815506">
   <element name="swap_hat" layername="swap_hat-3" frame="3" z_index="4" m_a="0.705290" m_b="0.000000" m_c="0.000000" m_d="0.705290" m_tx="7.592179" m_ty="-2.478771"/>
  </frame>
  <frame idx="450" w="237" h="269" x="-42.207001" y="-79.815506">
   <element name="swap_hat" layername="swap_hat-3" frame="3" z_index="4" m_a="0.705290" m_b="0.000000" m_c="0.000000" m_d="0.705290" m_tx="7.592179" m_ty="-2.478771"/>
  </frame>
  <frame idx="475" w="237" h="269" x="-42.207001" y="-79.815506">
   <element name="swap_hat" layername="swap_hat-3" frame="3" z_index="4" m_a="0.705290" m_b="0.000000" m_c="0.000000" m_d="0.705290" m_tx="7.592179" m_ty="-2.478771"/>
  </frame>
  <frame idx="500" w="237" h="269" x="-42.207001" y="-79.815506">
   <element name="swap_hat" layername="swap_hat-3" frame="3" z_index="4" m_a="0.705290" m_b="0.000000" m_c="0.000000" m_d="0.705290" m_tx="7.592179" m_ty="-2.478771"/>
  </frame>
  <frame idx="525" w="237" h="269" x="-42.207001" y="-79.815506">
   <element name="swap_hat" layername="swap_hat-3" frame="3" z_index="4" m_a="0.705290" m_b="0.000000" m_c="0.000000" m_d="0.705290" m_tx="7.592179" m_ty="-2.478771"/>
  </frame>
  <frame idx="550" w="237" h="269" x="-42.207001" y="-79.815506">
   <element name="swap_hat" layername="swap_hat-3" frame="3" z_index="4" m_a="0.705290" m_b="0.000000" m_c="0.000000" m_d="0.705290" m_tx="7.592179" m_ty="-2.478771"/>
  </frame>
  <frame idx="575" w="237" h="269" x="-42.207001" y="-79.815506">
   <element name="swap_hat" layername="swap_hat-3" frame="3" z_index="4" m_a="0.705290" m_b="0.000000" m_c="0.000000" m_d="0.705290" m_tx="7.592179" m_ty="-2.478771"/>
  </frame>
  <frame idx="600" w="237" h="269" x="-42.207001" y="-79.815506">
   <element name="swap_hat" layername="swap_hat-3" frame="3" z_index="4" m_a="0.705290" m_b="0.000000" m_c="0.000000" m_d="0.705290" m_tx="7.592179" m_ty="-2.478771"/>
  </frame>
  <frame idx="625" w="237" h="269" x="-42.207001" y="-79.815506">
   <element name="swap_hat" layername="swap_hat-3" frame="3" z_index="4" m_a="0.705290" m_b="0.000000" m_c="0.000000" m_d="0.705290" m_tx="7.592179" m_ty="-2.478771"/>
  </frame>
  <frame idx="650" w="237" h="269" x="-42.207001" y="-79.815506">
   <element name="swap_hat" layername="swap_hat-3" frame="3" z_index="4" m_a="0.705290" m_b="0.000000" m_c="0.000000" m_d="0.705290" m_tx="7.592179" m_ty="-2.478771"/>
  </frame>
  <frame idx="675" w="237" h="269" x="-42.207001" y="-79.815506">
   <element name="swap_hat" layername="swap_hat-3" frame="3" z_index="4" m_a="0.705290" m_b="0.000000" m_c="0.000000" m_d="0.705290" m_tx="7.592179" m_ty="-2.478771"/>
  </frame>
  <frame idx="700" w="237" h="269" x="-42.207001" y="-79.815506">
   <element name="swap_hat" layername="swap_hat-3" frame="3" z_index="4" m_a="0.705290" m_b="0.000000" m_c="0.000000" m_d="0.705290" m_tx="7.592179" m_ty="-2.478771"/>
  </frame>
  <frame idx="725" w="237" h="269" x="-42.207001" y="-79.815506">
   <element name="swap_hat" layername="swap_hat-3" frame="3" z_index="4" m_a="0.705290" m_b="0.000000" m_c="0.000000" m_d="0.705290" m_tx="7.592179" m_ty="-2.478771"/>
  </frame>
  <frame idx="750" w="237" h="269" x="-42.207001" y="-79.815506">
   <element name="swap_hat" layername="swap_hat-3" frame="3" z_index="4" m_a="0.705290" m_b="0.000000" m_c="0.000000" m_d="0.705290" m_tx="7.592179" m_ty="-2.478771"/>
  </frame>
  <frame idx="775" w="237" h="269" x="-42.207001" y="-79.815506">
   <element name="swap_hat" layername="swap_hat-3" frame="3" z_index="4" m_a="0.705290" m_b="0.000000" m_c="0.000000" m_d="0.705290" m_tx="7.592179" m_ty="-2.478771"/>
  </frame>
  <frame idx="800" w="237" h="269" x="-42.207001" y="-79.815506">
   <element name="swap_hat" layername="swap_hat-3" frame="3" z_index="4" m_a="0.705290" m_b="0.000000" m_c="0.000000" m_d="0.705290" m_tx="7.592179" m_ty="-2.478771"/>
  </frame>
  <frame idx="825" w="237" h="269" x="-42.207001" y="-79.815506">
   <element name="swap_hat" layername="swap_hat-3" frame="3" z_index="4" m_a="0.705290" m_b="0.000000" m_c="0.000000" m_d="0.705290" m_tx="7.592179" m_ty="-2.478771"/>
  </frame>
  <frame idx="850" w="237" h="269" x="-42.207001" y="-79.815506">
   <element name="swap_hat" layername="swap_hat-3" frame="3" z_index="4" m_a="0.705290" m_b="0.000000" m_c="0.000000" m_d="0.705290" m_tx="7.592179" m_ty="-2.478771"/>
  </frame>
  <frame idx="875" w="237" h="269" x="-42.207001" y="-79.815506">
   <element name="swap_hat" layername="swap_hat-3" frame="3" z_index="4" m_a="0.705290" m_b="0.000000" m_c="0.000000" m_d="0.705290" m_tx="7.592179" m_ty="-2.478771"/>
  </frame>
  <frame idx="900" w="237" h="269" x="-42.207001" y="-79.815506">
   <element name="swap_hat" layername="swap_hat-3" frame="3" z_index="4" m_a="0.705290" m_b="0.000000" m_c="0.000000" m_d="0.705290" m_tx="7.592179" m_ty="-2.478771"/>
  </frame>
  <frame idx="925" w="237" h="269" x="-42.207001" y="-79.815506">
   <element name="swap_hat" layername="swap_hat-3" frame="3" z_index="4" m_a="0.705290" m_b="0.000000" m_c="0.000000" m_d="0.705290" m_tx="7.592179" m_ty="-2.478771"/>
  </frame>
  <frame idx="950" w="237" h="269" x="-42.207001" y="-79.815506">
   <element name="swap_hat" layername="swap_hat-3" frame="3" z_index="4" m_a="0.705290" m_b="0.000000" m_c="0.000000" m_d="0.705290" m_tx="7.592179" m_ty="-2.478771"/>
  </frame>
  <frame idx="975" w="237" h="269" x="-42.207001" y="-79.815506">
   <element name="swap_hat" layername="swap_hat-3" frame="3" z_index="4" m_a="0.705290" m_b="0.000000" m_c="0.000000" m_d="0.705290" m_tx="7.592179" m_ty="-2.478771"/>
  </frame>
 </anim>
 <anim name="idle1" root="respiratormask" numframes="1000" framerate="40">
  <frame idx="0" w="274" h="426" x="-0.545738" y="-80.905045">
   <element name="swap_hat" layername="swap_hat" frame="0" z_index="4" m_a="1.000000" m_b="0.000000" m_c="0.000000" m_d="1.000000" m_tx="1.579379" m_ty="0.856635"/>
  </frame>
  <frame idx="25" w="274" h="426" x="-0.545738" y="-80.905045">
   <element name="swap_hat" layername="swap_hat" frame="0" z_index="4" m_a="1.000000" m_b="0.000000" m_c="0.000000" m_d="1.000000" m_tx="1.579379" m_ty="0.856635"/>
  </frame>
  <frame idx="50" w="274" h="426" x="-0.545738" y="-80.905045">
   <element name="swap_hat" layername="swap_hat" frame="0" z_index="4" m_a="1.000000" m_b="0.000000" m_c="0.000000" m_d="1.000000" m_tx="1.579379" m_ty="0.856635"/>
  </frame>
  <frame idx="75" w="274" h="426" x="-0.545738" y="-80.905045">
   <element name="swap_hat" layername="swap_hat" frame="0" z_index="4" m_a="1.000000" m_b="0.000000" m_c="0.000000" m_d="1.000000" m_tx="1.579379" m_ty="0.856635"/>
  </frame>
  <frame idx="100" w="274" h="426" x="-0.545738" y="-80.905045">
   <element name="swap_hat" layername="swap_hat" frame="0" z_index="4" m_a="1.000000" m_b="0.000000" m_c="0.000000" m_d="1.000000" m_tx="1.579379" m_ty="0.856635"/>
  </frame>
  <frame idx="125" w="274" h="426" x="-0.545738" y="-80.905045">
   <element name="swap_hat" layername="swap_hat" frame="0" z_index="4" m_a="1.000000" m_b="0.000000" m_c="0.000000" m_d="1.000000" m_tx="1.579379" m_ty="0.856635"/>
  </frame>
  <frame idx="150" w="274" h="426" x="-0.545738" y="-80.905045">
   <element name="swap_hat" layername="swap_hat" frame="0" z_index="4" m_a="1.000000" m_b="0.000000" m_c="0.000000" m_d="1.000000" m_tx="1.579379" m_ty="0.856635"/>
  </frame>
  <frame idx="175" w="274" h="426" x="-0.545738" y="-80.905045">
   <element name="swap_hat" layername="swap_hat" frame="0" z_index="4" m_a="1.000000" m_b="0.000000" m_c="0.000000" m_d="1.000000" m_tx="1.579379" m_ty="0.856635"/>
  </frame>
  <frame idx="200" w="274" h="426" x="-0.545738" y="-80.905045">
   <element name="swap_hat" layername="swap_hat" frame="0" z_index="4" m_a="1.000000" m_b="0.000000" m_c="0.000000" m_d="1.000000" m_tx="1.579379" m_ty="0.856635"/>
  </frame>
  <frame idx="225" w="274" h="426" x="-0.545738" y="-80.905045">
   <element name="swap_hat" layername="swap_hat" frame="0" z_index="4" m_a="1.000000" m_b="0.000000" m_c="0.000000" m_d="1.000000" m_tx="1.579379" m_ty="0.856635"/>
  </frame>
  <frame idx="250" w="274" h="426" x="-0.545738" y="-80.905045">
   <element name="swap_hat" layername="swap_hat" frame="0" z_index="4" m_a="1.000000" m_b="0.000000" m_c="0.000000" m_d="1.000000" m_tx="1.579379" m_ty="0.856635"/>
  </frame>
  <frame idx="275" w="274" h="426" x="-0.545738" y="-80.905045">
   <element name="swap_hat" layername="swap_hat" frame="0" z_index="4" m_a="1.000000" m_b="0.000000" m_c="0.000000" m_d="1.000000" m_tx="1.579379" m_ty="0.856635"/>
  </frame>
  <frame idx="300" w="274" h="426" x="-0.545738" y="-80.905045">
   <element name="swap_hat" layername="swap_hat" frame="0" z_index="4" m_a="1.000000" m_b="0.000000" m_c="0.000000" m_d="1.000000" m_tx="1.579379" m_ty="0.856635"/>
  </frame>
  <frame idx="325" w="274" h="426" x="-0.545738" y="-80.905045">
   <element name="swap_hat" layername="swap_hat" frame="0" z_index="4" m_a="1.000000" m_b="0.000000" m_c="0.000000" m_d="1.000000" m_tx="1.579379" m_ty="0.856635"/>
  </frame>
  <frame idx="350" w="274" h="426" x="-0.545738" y="-80.905045">
   <element name="swap_hat" layername="swap_hat" frame="0" z_index="4" m_a="1.000000" m_b="0.000000" m_c="0.000000" m_d="1.000000" m_tx="1.579379" m_ty="0.856635"/>
  </frame>
  <frame idx="375" w="274" h="426" x="-0.545738" y="-80.905045">
   <element name="swap_hat" layername="swap_hat" frame="0" z_index="4" m_a="1.000000" m_b="0.000000" m_c="0.000000" m_d="1.000000" m_tx="1.579379" m_ty="0.856635"/>
  </frame>
  <frame idx="400" w="274" h="426" x="-0.545738" y="-80.905045">
   <element name="swap_hat" layername="swap_hat" frame="0" z_index="4" m_a="1.000000" m_b="0.000000" m_c="0.000000" m_d="1.000000" m_tx="1.579379" m_ty="0.856635"/>
  </frame>
  <frame idx="425" w="274" h="426" x="-0.545738" y="-80.905045">
   <element name="swap_hat" layername="swap_hat" frame="0" z_index="4" m_a="1.000000" m_b="0.000000" m_c="0.000000" m_d="1.000000" m_tx="1.579379" m_ty="0.856635"/>
  </frame>
  <frame idx="450" w="274" h="426" x="-0.545738" y="-80.905045">
   <element name="swap_hat" layername="swap_hat" frame="0" z_index="4" m_a="1.000000" m_b="0.000000" m_c="0.000000" m_d="1.000000" m_tx="1.579379" m_ty="0.856635"/>
  </frame>
  <frame idx="475" w="274" h="426" x="-0.545738" y="-80.905045">
   <element name="swap_hat" layername="swap_hat" frame="0" z_index="4" m_a="1.000000" m_b="0.000000" m_c="0.000000" m_d="1.000000" m_tx="1.579379" m_ty="0.856635"/>
  </frame>
  <frame idx="500" w="274" h="426" x="-0.545738" y="-80.905045">
   <element name="swap_hat" layername="swap_hat" frame="0" z_index="4" m_a="1.000000" m_b="0.000000" m_c="0.000000" m_d="1.000000" m_tx="1.579379" m_ty="0.856635"/>
  </frame>
  <frame idx="525" w="274" h="426" x="-0.545738" y="-80.905045">
   <element name="swap_hat" layername="swap_hat" frame="0" z_index="4" m_a="1.000000" m_b="0.000000" m_c="0.000000" m_d="1.000000" m_tx="1.579379" m_ty="0.856635"/>
  </frame>
  <frame idx="550" w="274" h="426" x="-0.545738" y="-80.905045">
   <element name="swap_hat" layername="swap_hat" frame="0" z_index="4" m_a="1.000000" m_b="0.000000" m_c="0.000000" m_d="1.000000" m_tx="1.579379" m_ty="0.856635"/>
  </frame>
  <frame idx="575" w="274" h="426" x="-0.545738" y="-80.905045">
   <element name="swap_hat" layername="swap_hat" frame="0" z_index="4" m_a="1.000000" m_b="0.000000" m_c="0.000000" m_d="1.000000" m_tx="1.579379" m_ty="0.856635"/>
  </frame>
  <frame idx="600" w="274" h="426" x="-0.545738" y="-80.905045">
   <element name="swap_hat" layername="swap_hat" frame="0" z_index="4" m_a="1.000000" m_b="0.000000" m_c="0.000000" m_d="1.000000" m_tx="1.579379" m_ty="0.856635"/>
  </frame>
  <frame idx="625" w="274" h="426" x="-0.545738" y="-80.905045">
   <element name="swap_hat" layername="swap_hat" frame="0" z_index="4" m_a="1.000000" m_b="0.000000" m_c="0.000000" m_d="1.000000" m_tx="1.579379" m_ty="0.856635"/>
  </frame>
  <frame idx="650" w="274" h="426" x="-0.545738" y="-80.905045">
   <element name="swap_hat" layername="swap_hat" frame="0" z_index="4" m_a="1.000000" m_b="0.000000" m_c="0.000000" m_d="1.000000" m_tx="1.579379" m_ty="0.856635"/>
  </frame>
  <frame idx="675" w="274" h="426" x="-0.545738" y="-80.905045">
   <element name="swap_hat" layername="swap_hat" frame="0" z_index="4" m_a="1.000000" m_b="0.000000" m_c="0.000000" m_d="1.000000" m_tx="1.579379" m_ty="0.856635"/>
  </frame>
  <frame idx="700" w="274" h="426" x="-0.545738" y="-80.905045">
   <element name="swap_hat" layername="swap_hat" frame="0" z_index="4" m_a="1.000000" m_b="0.000000" m_c="0.000000" m_d="1.000000" m_tx="1.579379" m_ty="0.856635"/>
  </frame>
  <frame idx="725" w="274" h="426" x="-0.545738" y="-80.905045">
   <element name="swap_hat" layername="swap_hat" frame="0" z_index="4" m_a="1.000000" m_b="0.000000" m_c="0.000000" m_d="1.000000" m_tx="1.579379" m_ty="0.856635"/>
  </frame>
  <frame idx="750" w="274" h="426" x="-0.545738" y="-80.905045">
   <element name="swap_hat" layername="swap_hat" frame="0" z_index="4" m_a="1.000000" m_b="0.000000" m_c="0.000000" m_d="1.000000" m_tx="1.579379" m_ty="0.856635"/>
  </frame>
  <frame idx="775" w="274" h="426" x="-0.545738" y="-80.905045">
   <element name="swap_hat" layername="swap_hat" frame="0" z_index="4" m_a="1.000000" m_b="0.000000" m_c="0.000000" m_d="1.000000" m_tx="1.579379" m_ty="0.856635"/>
  </frame>
  <frame idx="800" w="274" h="426" x="-0.545738" y="-80.905045">
   <element name="swap_hat" layername="swap_hat" frame="0" z_index="4" m_a="1.000000" m_b="0.000000" m_c="0.000000" m_d="1.000000" m_tx="1.579379" m_ty="0.856635"/>
  </frame>
  <frame idx="825" w="274" h="426" x="-0.545738" y="-80.905045">
   <element name="swap_hat" layername="swap_hat" frame="0" z_index="4" m_a="1.000000" m_b="0.000000" m_c="0.000000" m_d="1.000000" m_tx="1.579379" m_ty="0.856635"/>
  </frame>
  <frame idx="850" w="274" h="426" x="-0.545738" y="-80.905045">
   <element name="swap_hat" layername="swap_hat" frame="0" z_index="4" m_a="1.000000" m_b="0.000000" m_c="0.000000" m_d="1.000000" m_tx="1.579379" m_ty="0.856635"/>
  </frame>
  <frame idx="875" w="274" h="426" x="-0.545738" y="-80.905045">
   <element name="swap_hat" layername="swap_hat" frame="0" z_index="4" m_a="1.000000" m_b="0.000000" m_c="0.000000" m_d="1.000000" m_tx="1.579379" m_ty="0.856635"/>
  </frame>
  <frame idx="900" w="274" h="426" x="-0.545738" y="-80.905045">
   <element name="swap_hat" layername="swap_hat" frame="0" z_index="4" m_a="1.000000" m_b="0.000000" m_c="0.000000" m_d="1.000000" m_tx="1.579379" m_ty="0.856635"/>
  </frame>
  <frame idx="925" w="274" h="426" x="-0.545738" y="-80.905045">
   <element name="swap_hat" layername="swap_hat" frame="0" z_index="4" m_a="1.000000" m_b="0.000000" m_c="0.000000" m_d="1.000000" m_tx="1.579379" m_ty="0.856635"/>
  </frame>
  <frame idx="950" w="274" h="426" x="-0.545738" y="-80.905045">
   <element name="swap_hat" layername="swap_hat" frame="0" z_index="4" m_a="1.000000" m_b="0.000000" m_c="0.000000" m_d="1.000000" m_tx="1.579379" m_ty="0.856635"/>
  </frame>
  <frame idx="975" w="274" h="426" x="-0.545738" y="-80.905045">
   <element name="swap_hat" layername="swap_hat" frame="0" z_index="4" m_a="1.000000" m_b="0.000000" m_c="0.000000" m_d="1.000000" m_tx="1.579379" m_ty="0.856635"/>
  </frame>
 </anim>
 <anim name="idle2" root="respiratormask" numframes="1000" framerate="40">
  <frame idx="0" w="301" h="431" x="-24.080933" y="-84.150940">
   <element name="swap_hat" layername="swap_hat" frame="1" z_index="4" m_a="1.000000" m_b="0.000000" m_c="0.000000" m_d="1.000000" m_tx="-0.653126" m_ty="0.282732"/>
  </frame>
  <frame idx="25" w="301" h="431" x="-24.080933" y="-84.150940">
   <element name="swap_hat" layername="swap_hat" frame="1" z_index="4" m_a="1.000000" m_b="0.000000" m_c="0.000000" m_d="1.000000" m_tx="-0.653126" m_ty="0.282732"/>
  </frame>
  <frame idx="50" w="301" h="431" x="-24.080933" y="-84.150940">
   <element name="swap_hat" layername="swap_hat" frame="1" z_index="4" m_a="1.000000" m_b="0.000000" m_c="0.000000" m_d="1.000000" m_tx="-0.653126" m_ty="0.282732"/>
  </frame>
  <frame idx="75" w="301" h="431" x="-24.080933" y="-84.150940">
   <element name="swap_hat" layername="swap_hat" frame="1" z_index="4" m_a="1.000000" m_b="0.000000" m_c="0.000000" m_d="1.000000" m_tx="-0.653126" m_ty="0.282732"/>
  </frame>
  <frame idx="100" w="301" h="431" x="-24.080933" y="-84.150940">
   <element name="swap_hat" layername="swap_hat" frame="1" z_index="4" m_a="1.000000" m_b="0.000000" m_c="0.000000" m_d="1.000000" m_tx="-0.653126" m_ty="0.282732"/>
  </frame>
  <frame idx="125" w="301" h="431" x="-24.080933" y="-84.150940">
   <element name="swap_hat" layername="swap_hat" frame="1" z_index="4" m_a="1.000000" m_b="0.000000" m_c="0.000000" m_d="1.000000" m_tx="-0.653126" m_ty="0.282732"/>
  </frame>
  <frame idx="150" w="301" h="431" x="-24.080933" y="-84.150940">
   <element name="swap_hat" layername="swap_hat" frame="1" z_index="4" m_a="1.000000" m_b="0.000000" m_c="0.000000" m_d="1.000000" m_tx="-0.653126" m_ty="0.282732"/>
  </frame>
  <frame idx="175" w="301" h="431" x="-24.080933" y="-84.150940">
   <element name="swap_hat" layername="swap_hat" frame="1" z_index="4" m_a="1.000000" m_b="0.000000" m_c="0.000000" m_d="1.000000" m_tx="-0.653126" m_ty="0.282732"/>
  </frame>
  <frame idx="200" w="301" h="431" x="-24.080933" y="-84.150940">
   <element name="swap_hat" layername="swap_hat" frame="1" z_index="4" m_a="1.000000" m_b="0.000000" m_c="0.000000" m_d="1.000000" m_tx="-0.653126" m_ty="0.282732"/>
  </frame>
  <frame idx="225" w="301" h="431" x="-24.080933" y="-84.150940">
   <element name="swap_hat" layername="swap_hat" frame="1" z_index="4" m_a="1.000000" m_b="0.000000" m_c="0.000000" m_d="1.000000" m_tx="-0.653126" m_ty="0.282732"/>
  </frame>
  <frame idx="250" w="301" h="431" x="-24.080933" y="-84.150940">
   <element name="swap_hat" layername="swap_hat" frame="1" z_index="4" m_a="1.000000" m_b="0.000000" m_c="0.000000" m_d="1.000000" m_tx="-0.653126" m_ty="0.282732"/>
  </frame>
  <frame idx="275" w="301" h="431" x="-24.080933" y="-84.150940">
   <element name="swap_hat" layername="swap_hat" frame="1" z_index="4" m_a="1.000000" m_b="0.000000" m_c="0.000000" m_d="1.000000" m_tx="-0.653126" m_ty="0.282732"/>
  </frame>
  <frame idx="300" w="301" h="431" x="-24.080933" y="-84.150940">
   <element name="swap_hat" layername="swap_hat" frame="1" z_index="4" m_a="1.000000" m_b="0.000000" m_c="0.000000" m_d="1.000000" m_tx="-0.653126" m_ty="0.282732"/>
  </frame>
  <frame idx="325" w="301" h="431" x="-24.080933" y="-84.150940">
   <element name="swap_hat" layername="swap_hat" frame="1" z_index="4" m_a="1.000000" m_b="0.000000" m_c="0.000000" m_d="1.000000" m_tx="-0.653126" m_ty="0.282732"/>
  </frame>
  <frame idx="350" w="301" h="431" x="-24.080933" y="-84.150940">
   <element name="swap_hat" layername="swap_hat" frame="1" z_index="4" m_a="1.000000" m_b="0.000000" m_c="0.000000" m_d="1.000000" m_tx="-0.653126" m_ty="0.282732"/>
  </frame>
  <frame idx="375" w="301" h="431" x="-24.080933" y="-84.150940">
   <element name="swap_hat" layername="swap_hat" frame="1" z_index="4" m_a="1.000000" m_b="0.000000" m_c="0.000000" m_d="1.000000" m_tx="-0.653126" m_ty="0.282732"/>
  </frame>
  <frame idx="400" w="301" h="431" x="-24.080933" y="-84.150940">
   <element name="swap_hat" layername="swap_hat" frame="1" z_index="4" m_a="1.000000" m_b="0.000000" m_c="0.000000" m_d="1.000000" m_tx="-0.653126" m_ty="0.282732"/>
  </frame>
  <frame idx="425" w="301" h="431" x="-24.080933" y="-84.150940">
   <element name="swap_hat" layername="swap_hat" frame="1" z_index="4" m_a="1.000000" m_b="0.000000" m_c="0.000000" m_d="1.000000" m_tx="-0.653126" m_ty="0.282732"/>
  </frame>
  <frame idx="450" w="301" h="431" x="-24.080933" y="-84.150940">
   <element name="swap_hat" layername="swap_hat" frame="1" z_index="4" m_a="1.000000" m_b="0.000000" m_c="0.000000" m_d="1.000000" m_tx="-0.653126" m_ty="0.282732"/>
  </frame>
  <frame idx="475" w="301" h="431" x="-24.080933" y="-84.150940">
   <element name="swap_hat" layername="swap_hat" frame="1" z_index="4" m_a="1.000000" m_b="0.000000" m_c="0.000000" m_d="1.000000" m_tx="-0.653126" m_ty="0.282732"/>
  </frame>
  <frame idx="500" w="301" h="431" x="-24.080933" y="-84.150940">
   <element name="swap_hat" layername="swap_hat" frame="1" z_index="4" m_a="1.000000" m_b="0.000000" m_c="0.000000" m_d="1.000000" m_tx="-0.653126" m_ty="0.282732"/>
  </frame>
  <frame idx="525" w="301" h="431" x="-24.080933" y="-84.150940">
   <element name="swap_hat" layername="swap_hat" frame="1" z_index="4" m_a="1.000000" m_b="0.000000" m_c="0.000000" m_d="1.000000" m_tx="-0.653126" m_ty="0.282732"/>
  </frame>
  <frame idx="550" w="301" h="431" x="-24.080933" y="-84.150940">
   <element name="swap_hat" layername="swap_hat" frame="1" z_index="4" m_a="1.000000" m_b="0.000000" m_c="0.000000" m_d="1.000000" m_tx="-0.653126" m_ty="0.282732"/>
  </frame>
  <frame idx="575" w="301" h="431" x="-24.080933" y="-84.150940">
   <element name="swap_hat" layername="swap_hat" frame="1" z_index="4" m_a="1.000000" m_b="0.000000" m_c="0.000000" m_d="1.000000" m_tx="-0.653126" m_ty="0.282732"/>
  </frame>
  <frame idx="600" w="301" h="431" x="-24.080933" y="-84.150940">
   <element name="swap_hat" layername="swap_hat" frame="1" z_index="4" m_a="1.000000" m_b="0.000000" m_c="0.000000" m_d="1.000000" m_tx="-0.653126" m_ty="0.282732"/>
  </frame>
  <frame idx="625" w="301" h="431" x="-24.080933" y="-84.150940">
   <element name="swap_hat" layername="swap_hat" frame="1" z_index="4" m_a="1.000000" m_b="0.000000" m_c="0.000000" m_d="1.000000" m_tx="-0.653126" m_ty="0.282732"/>
  </frame>
  <frame idx="650" w="301" h="431" x="-24.080933" y="-84.150940">
   <element name="swap_hat" layername="swap_hat" frame="1" z_index="4" m_a="1.000000" m_b="0.000000" m_c="0.000000" m_d="1.000000" m_tx="-0.653126" m_ty="0.282732"/>
  </frame>
  <frame idx="675" w="301" h="431" x="-24.080933" y="-84.150940">
   <element name="swap_hat" layername="swap_hat" frame="1" z_index="4" m_a="1.000000" m_b="0.000000" m_c="0.000000" m_d="1.000000" m_tx="-0.653126" m_ty="0.282732"/>
  </frame>
  <frame idx="700" w="301" h="431" x="-24.080933" y="-84.150940">
   <element name="swap_hat" layername="swap_hat" frame="1" z_index="4" m_a="1.000000" m_b="0.000000" m_c="0.000000" m_d="1.000000" m_tx="-0.653126" m_ty="0.282732"/>
  </frame>
  <frame idx="725" w="301" h="431" x="-24.080933" y="-84.150940">
   <element name="swap_hat" layername="swap_hat" frame="1" z_index="4" m_a="1.000000" m_b="0.000000" m_c="0.000000" m_d="1.000000" m_tx="-0.653126" m_ty="0.282732"/>
  </frame>
  <frame idx="750" w="301" h="431" x="-24.080933" y="-84.150940">
   <element name="swap_hat" layername="swap_hat" frame="1" z_index="4" m_a="1.000000" m_b="0.000000" m_c="0.000000" m_d="1.000000" m_tx="-0.653126" m_ty="0.282732"/>
  </frame>
  <frame idx="775" w="301" h="431" x="-24.080933" y="-84.150940">
   <element name="swap_hat" layername="swap_hat" frame="1" z_index="4" m_a="1.000000" m_b="0.000000" m_c="0.000000" m_d="1.000000" m_tx="-0.653126" m_ty="0.282732"/>
  </frame>
  <frame idx="800" w="301" h="431" x="-24.080933" y="-84.150940">
   <element name="swap_hat" layername="swap_hat" frame="1" z_index="4" m_a="1.000000" m_b="0.000000" m_c="0.000000" m_d="1.000000" m_tx="-0.653126" m_ty="0.282732"/>
  </frame>
  <frame idx="825" w="301" h="431" x="-24.080933" y="-84.150940">
   <element name="swap_hat" layername="swap_hat" frame="1" z_index="4" m_a="1.000000" m_b="0.000000" m_c="0.000000" m_d="1.000000" m_tx="-0.653126" m_ty="0.282732"/>
  </frame>
  <frame idx="850" w="301" h="431" x="-24.080933" y="-84.150940">
   <element name="swap_hat" layername="swap_hat" frame="1" z_index="4" m_a="1.000000" m_b="0.000000" m_c="0.000000" m_d="1.000000" m_tx="-0.653126" m_ty="0.282732"/>
  </frame>
  <frame idx="875" w="301" h="431" x="-24.080933" y="-84.150940">
   <element name="swap_hat" layername="swap_hat" frame="1" z_index="4" m_a="1.000000" m_b="0.000000" m_c="0.000000" m_d="1.000000" m_tx="-0.653126" m_ty="0.282732"/>
  </frame>
  <frame idx="900" w="301" h="431" x="-24.080933" y="-84.150940">
   <element name="swap_hat" layername="swap_hat" frame="1" z_index="4" m_a="1.000000" m_b="0.000000" m_c="0.000000" m_d="1.000000" m_tx="-0.653126" m_ty="0.282732"/>
  </frame>
  <frame idx="925" w="301" h="431" x="-24.080933" y="-84.150940">
   <element name="swap_hat" layername="swap_hat" frame="1" z_index="4" m_a="1.000000" m_b="0.000000" m_c="0.000000" m_d="1.000000" m_tx="-0.653126" m_ty="0.282732"/>
  </frame>
  <frame idx="950" w="301" h="431" x="-24.080933" y="-84.150940">
   <element name="swap_hat" layername="swap_hat" frame="1" z_index="4" m_a="1.000000" m_b="0.000000" m_c="0.000000" m_d="1.000000" m_tx="-0.653126" m_ty="0.282732"/>
  </frame>
  <frame idx="975" w="301" h="431" x="-24.080933" y="-84.150940">
   <element name="swap_hat" layername="swap_hat" frame="1" z_index="4" m_a="1.000000" m_b="0.000000" m_c="0.000000" m_d="1.000000" m_tx="-0.653126" m_ty="0.282732"/>
  </frame>
 </anim>
 <anim name="idle3" root="respiratormask" numframes="1000" framerate="40">
  <frame idx="0" w="272" h="420" x="1.093941" y="-74.397339">
   <element name="swap_hat" layername="swap_hat" frame="2" z_index="4" m_a="1.000000" m_b="0.000000" m_c="0.000000" m_d="1.000000" m_tx="1.093943" m_ty="0.856635"/>
  </frame>
  <frame idx="25" w="272" h="420" x="1.093941" y="-74.397339">
   <element name="swap_hat" layername="swap_hat" frame="2" z_index="4" m_a="1.000000" m_b="0.000000" m_c="0.000000" m_d="1.000000" m_tx="1.093943" m_ty="0.856635"/>
  </frame>
  <frame idx="50" w="272" h="420" x="1.093941" y="-74.397339">
   <element name="swap_hat" layername="swap_hat" frame="2" z_index="4" m_a="1.000000" m_b="0.000000" m_c="0.000000" m_d="1.000000" m_tx="1.093943" m_ty="0.856635"/>
  </frame>
  <frame idx="75" w="272" h="420" x="1.093941" y="-74.397339">
   <element name="swap_hat" layername="swap_hat" frame="2" z_index="4" m_a="1.000000" m_b="0.000000" m_c="0.000000" m_d="1.000000" m_tx="1.093943" m_ty="0.856635"/>
  </frame>
  <frame idx="100" w="272" h="420" x="1.093941" y="-74.397339">
   <element name="swap_hat" layername="swap_hat" frame="2" z_index="4" m_a="1.000000" m_b="0.000000" m_c="0.000000" m_d="1.000000" m_tx="1.093943" m_ty="0.856635"/>
  </frame>
  <frame idx="125" w="272" h="420" x="1.093941" y="-74.397339">
   <element name="swap_hat" layername="swap_hat" frame="2" z_index="4" m_a="1.000000" m_b="0.000000" m_c="0.000000" m_d="1.000000" m_tx="1.093943" m_ty="0.856635"/>
  </frame>
  <frame idx="150" w="272" h="420" x="1.093941" y="-74.397339">
   <element name="swap_hat" layername="swap_hat" frame="2" z_index="4" m_a="1.000000" m_b="0.000000" m_c="0.000000" m_d="1.000000" m_tx="1.093943" m_ty="0.856635"/>
  </frame>
  <frame idx="175" w="272" h="420" x="1.093941" y="-74.397339">
   <element name="swap_hat" layername="swap_hat" frame="2" z_index="4" m_a="1.000000" m_b="0.000000" m_c="0.000000" m_d="1.000000" m_tx="1.093943" m_ty="0.856635"/>
  </frame>
  <frame idx="200" w="272" h="420" x="1.093941" y="-74.397339">
   <element name="swap_hat" layername="swap_hat" frame="2" z_index="4" m_a="1.000000" m_b="0.000000" m_c="0.000000" m_d="1.000000" m_tx="1.093943" m_ty="0.856635"/>
  </frame>
  <frame idx="225" w="272" h="420" x="1.093941" y="-74.397339">
   <element name="swap_hat" layername="swap_hat" frame="2" z_index="4" m_a="1.000000" m_b="0.000000" m_c="0.000000" m_d="1.000000" m_tx="1.093943" m_ty="0.856635"/>
  </frame>
  <frame idx="250" w="272" h="420" x="1.093941" y="-74.397339">
   <element name="swap_hat" layername="swap_hat" frame="2" z_index="4" m_a="1.000000" m_b="0.000000" m_c="0.000000" m_d="1.000000" m_tx="1.093943" m_ty="0.856635"/>
  </frame>
  <frame idx="275" w="272" h="420" x="1.093941" y="-74.397339">
   <element name="swap_hat" layername="swap_hat" frame="2" z_index="4" m_a="1.000000" m_b="0.000000" m_c="0.000000" m_d="1.000000" m_tx="1.093943" m_ty="0.856635"/>
  </frame>
  <frame idx="300" w="272" h="420" x="1.093941" y="-74.397339">
   <element name="swap_hat" layername="swap_hat" frame="2" z_index="4" m_a="1.000000" m_b="0.000000" m_c="0.000000" m_d="1.000000" m_tx="1.093943" m_ty="0.856635"/>
  </frame>
  <frame idx="325" w="272" h="420" x="1.093941" y="-74.397339">
   <element name="swap_hat" layername="swap_hat" frame="2" z_index="4" m_a="1.000000" m_b="0.000000" m_c="0.000000" m_d="1.000000" m_tx="1.093943" m_ty="0.856635"/>
  </frame>
  <frame idx="350" w="272" h="420" x="1.093941" y="-74.397339">
   <element name="swap_hat" layername="swap_hat" frame="2" z_index="4" m_a="1.000000" m_b="0.000000" m_c="0.000000" m_d="1.000000" m_tx="1.093943" m_ty="0.856635"/>
  </frame>
  <frame idx="375" w="272" h="420" x="1.093941" y="-74.397339">
   <element name="swap_hat" layername="swap_hat" frame="2" z_index="4" m_a="1.000000" m_b="0.000000" m_c="0.000000" m_d="1.000000" m_tx="1.093943" m_ty="0.856635"/>
  </frame>
  <frame idx="400" w="272" h="420" x="1.093941" y="-74.397339">
   <element name="swap_hat" layername="swap_hat" frame="2" z_index="4" m_a="1.000000" m_b="0.000000" m_c="0.000000" m_d="1.000000" m_tx="1.093943" m_ty="0.856635"/>
  </frame>
  <frame idx="425" w="272" h="420" x="1.093941" y="-74.397339">
   <element name="swap_hat" layername="swap_hat" frame="2" z_index="4" m_a="1.000000" m_b="0.000000" m_c="0.000000" m_d="1.000000" m_tx="1.093943" m_ty="0.856635"/>
  </frame>
  <frame idx="450" w="272" h="420" x="1.093941" y="-74.397339">
   <element name="swap_hat" layername="swap_hat" frame="2" z_index="4" m_a="1.000000" m_b="0.000000" m_c="0.000000" m_d="1.000000" m_tx="1.093943" m_ty="0.856635"/>
  </frame>
  <frame idx="475" w="272" h="420" x="1.093941" y="-74.397339">
   <element name="swap_hat" layername="swap_hat" frame="2" z_index="4" m_a="1.000000" m_b="0.000000" m_c="0.000000" m_d="1.000000" m_tx="1.093943" m_ty="0.856635"/>
  </frame>
  <frame idx="500" w="272" h="420" x="1.093941" y="-74.397339">
   <element name="swap_hat" layername="swap_hat" frame="2" z_index="4" m_a="1.000000" m_b="0.000000" m_c="0.000000" m_d="1.000000" m_tx="1.093943" m_ty="0.856635"/>
  </frame>
  <frame idx="525" w="272" h="420" x="1.093941" y="-74.397339">
   <element name="swap_hat" layername="swap_hat" frame="2" z_index="4" m_a="1.000000" m_b="0.000000" m_c="0.000000" m_d="1.000000" m_tx="1.093943" m_ty="0.856635"/>
  </frame>
  <frame idx="550" w="272" h="420" x="1.093941" y="-74.397339">
   <element name="swap_hat" layername="swap_hat" frame="2" z_index="4" m_a="1.000000" m_b="0.000000" m_c="0.000000" m_d="1.000000" m_tx="1.093943" m_ty="0.856635"/>
  </frame>
  <frame idx="575" w="272" h="420" x="1.093941" y="-74.397339">
   <element name="swap_hat" layername="swap_hat" frame="2" z_index="4" m_a="1.000000" m_b="0.000000" m_c="0.000000" m_d="1.000000" m_tx="1.093943" m_ty="0.856635"/>
  </frame>
  <frame idx="600" w="272" h="420" x="1.093941" y="-74.397339">
   <element name="swap_hat" layername="swap_hat" frame="2" z_index="4" m_a="1.000000" m_b="0.000000" m_c="0.000000" m_d="1.000000" m_tx="1.093943" m_ty="0.856635"/>
  </frame>
  <frame idx="625" w="272" h="420" x="1.093941" y="-74.397339">
   <element name="swap_hat" layername="swap_hat" frame="2" z_index="4" m_a="1.000000" m_b="0.000000" m_c="0.000000" m_d="1.000000" m_tx="1.093943" m_ty="0.856635"/>
  </frame>
  <frame idx="650" w="272" h="420" x="1.093941" y="-74.397339">
   <element name="swap_hat" layername="swap_hat" frame="2" z_index="4" m_a="1.000000" m_b="0.000000" m_c="0.000000" m_d="1.000000" m_tx="1.093943" m_ty="0.856635"/>
  </frame>
  <frame idx="675" w="272" h="420" x="1.093941" y="-74.397339">
   <element name="swap_hat" layername="swap_hat" frame="2" z_index="4" m_a="1.000000" m_b="0.000000" m_c="0.000000" m_d="1.000000" m_tx="1.093943" m_ty="0.856635"/>
  </frame>
  <frame idx="700" w="272" h="420" x="1.093941" y="-74.397339">
   <element name="swap_hat" layername="swap_hat" frame="2" z_index="4" m_a="1.000000" m_b="0.000000" m_c="0.000000" m_d="1.000000" m_tx="1.093943" m_ty="0.856635"/>
  </frame>
  <frame idx="725" w="272" h="420" x="1.093941" y="-74.397339">
   <element name="swap_hat" layername="swap_hat" frame="2" z_index="4" m_a="1.000000" m_b="0.000000" m_c="0.000000" m_d="1.000000" m_tx="1.093943" m_ty="0.856635"/>
  </frame>
  <frame idx="750" w="272" h="420" x="1.093941" y="-74.397339">
   <element name="swap_hat" layername="swap_hat" frame="2" z_index="4" m_a="1.000000" m_b="0.000000" m_c="0.000000" m_d="1.000000" m_tx="1.093943" m_ty="0.856635"/>
  </frame>
  <frame idx="775" w="272" h="420" x="1.093941" y="-74.397339">
   <element name="swap_hat" layername="swap_hat" frame="2" z_index="4" m_a="1.000000" m_b="0.000000" m_c="0.000000" m_d="1.000000" m_tx="1.093943" m_ty="0.856635"/>
  </frame>
  <frame idx="800" w="272" h="420" x="1.093941" y="-74.397339">
   <element name="swap_hat" layername="swap_hat" frame="2" z_index="4" m_a="1.000000" m_b="0.000000" m_c="0.000000" m_d="1.000000" m_tx="1.093943" m_ty="0.856635"/>
  </frame>
  <frame idx="825" w="272" h="420" x="1.093941" y="-74.397339">
   <element name="swap_hat" layername="swap_hat" frame="2" z_index="4" m_a="1.000000" m_b="0.000000" m_c="0.000000" m_d="1.000000" m_tx="1.093943" m_ty="0.856635"/>
  </frame>
  <frame idx="850" w="272" h="420" x="1.093941" y="-74.397339">
   <element name="swap_hat" layername="swap_hat" frame="2" z_index="4" m_a="1.000000" m_b="0.000000" m_c="0.000000" m_d="1.000000" m_tx="1.093943" m_ty="0.856635"/>
  </frame>
  <frame idx="875" w="272" h="420" x="1.093941" y="-74.397339">
   <element name="swap_hat" layername="swap_hat" frame="2" z_index="4" m_a="1.000000" m_b="0.000000" m_c="0.000000" m_d="1.000000" m_tx="1.093943" m_ty="0.856635"/>
  </frame>
  <frame idx="900" w="272" h="420" x="1.093941" y="-74.397339">
   <element name="swap_hat" layername="swap_hat" frame="2" z_index="4" m_a="1.000000" m_b="0.000000" m_c="0.000000" m_d="1.000000" m_tx="1.093943" m_ty="0.856635"/>
  </frame>
  <frame idx="925" w="272" h="420" x="1.093941" y="-74.397339">
   <element name="swap_hat" layername="swap_hat" frame="2" z_index="4" m_a="1.000000" m_b="0.000000" m_c="0.000000" m_d="1.000000" m_tx="1.093943" m_ty="0.856635"/>
  </frame>
  <frame idx="950" w="272" h="420" x="1.093941" y="-74.397339">
   <element name="swap_hat" layername="swap_hat" frame="2" z_index="4" m_a="1.000000" m_b="0.000000" m_c="0.000000" m_d="1.000000" m_tx="1.093943" m_ty="0.856635"/>
  </frame>
  <frame idx="975" w="272" h="420" x="1.093941" y="-74.397339">
   <element name="swap_hat" layername="swap_hat" frame="2" z_index="4" m_a="1.000000" m_b="0.000000" m_c="0.000000" m_d="1.000000" m_tx="1.093943" m_ty="0.856635"/>
  </frame>
 </anim>
</Anims>
