<Anims>
 <anim name="idle_90s" root="raritaniumore" numframes="125" framerate="40">
  <frame idx="0" w="247" h="165" x="4.950562" y="-25.299446">
   <element name="symbol_c303c9ea" layername="flin" frame="0" z_index="3" m_a="1.000000" m_b="0.000000" m_c="0.000000" m_d="1.000000" m_tx="0.000000" m_ty="0.050000"/>
  </frame>
  <frame idx="25" w="247" h="165" x="4.950562" y="-25.299446">
   <element name="symbol_c303c9ea" layername="flin" frame="0" z_index="3" m_a="1.000000" m_b="0.000000" m_c="0.000000" m_d="1.000000" m_tx="0.000000" m_ty="0.050000"/>
  </frame>
  <frame idx="50" w="247" h="165" x="4.950562" y="-25.299446">
   <element name="symbol_c303c9ea" layername="flin" frame="0" z_index="3" m_a="1.000000" m_b="0.000000" m_c="0.000000" m_d="1.000000" m_tx="0.000000" m_ty="0.050000"/>
  </frame>
  <frame idx="75" w="247" h="165" x="4.950562" y="-25.299446">
   <element name="symbol_c303c9ea" layername="flin" frame="0" z_index="3" m_a="1.000000" m_b="0.000000" m_c="0.000000" m_d="1.000000" m_tx="0.000000" m_ty="0.050000"/>
  </frame>
  <frame idx="100" w="247" h="165" x="4.950562" y="-25.299446">
   <element name="symbol_c303c9ea" layername="flin" frame="0" z_index="3" m_a="1.000000" m_b="0.000000" m_c="0.000000" m_d="1.000000" m_tx="0.000000" m_ty="0.050000"/>
  </frame>
 </anim>
 <anim name="sparkle_90s" root="raritaniumore" numframes="600" framerate="40">
  <frame idx="0" w="247" h="248" x="4.950562" y="-50.411438">
   <element name="symbol_926939d6" layername="sparkle" frame="0" z_index="2" m_a="0.082687" m_b="0.000000" m_c="0.000000" m_d="0.082687" m_tx="33.500000" m_ty="-43.549000"/>
   <element name="symbol_c303c9ea" layername="flin" frame="0" z_index="3" m_a="1.000000" m_b="0.000000" m_c="0.000000" m_d="1.000000" m_tx="0.000000" m_ty="0.050000"/>
  </frame>
  <frame idx="25" w="247" h="248" x="4.950562" y="-50.411423">
   <element name="symbol_926939d6" layername="sparkle" frame="0" z_index="2" m_a="0.088396" m_b="0.006293" m_c="-0.006293" m_d="0.088396" m_tx="33.536766" m_ty="-43.549000"/>
   <element name="symbol_c303c9ea" layername="flin" frame="0" z_index="3" m_a="1.000000" m_b="0.000000" m_c="0.000000" m_d="1.000000" m_tx="0.000000" m_ty="0.050000"/>
  </frame>
  <frame idx="50" w="247" h="248" x="4.950562" y="-50.399307">
   <element name="symbol_926939d6" layername="sparkle" frame="0" z_index="2" m_a="0.099615" m_b="0.024400" m_c="-0.024400" m_d="0.099615" m_tx="33.525757" m_ty="-43.524757"/>
   <element name="symbol_c303c9ea" layername="flin" frame="0" z_index="3" m_a="1.000000" m_b="0.000000" m_c="0.000000" m_d="1.000000" m_tx="0.000000" m_ty="0.050000"/>
  </frame>
  <frame idx="75" w="247" h="248" x="4.950562" y="-50.392502">
   <element name="symbol_926939d6" layername="sparkle" frame="0" z_index="2" m_a="0.108859" m_b="0.061150" m_c="-0.061150" m_d="0.108859" m_tx="33.500000" m_ty="-43.511120"/>
   <element name="symbol_c303c9ea" layername="flin" frame="0" z_index="3" m_a="1.000000" m_b="0.000000" m_c="0.000000" m_d="1.000000" m_tx="0.000000" m_ty="0.050000"/>
  </frame>
  <frame idx="100" w="247" h="248" x="4.950562" y="-50.411438">
   <element name="symbol_926939d6" layername="sparkle" frame="0" z_index="2" m_a="0.098511" m_b="0.120117" m_c="-0.120117" m_d="0.098511" m_tx="33.500000" m_ty="-43.549000"/>
   <element name="symbol_c303c9ea" layername="flin" frame="0" z_index="3" m_a="1.000000" m_b="0.000000" m_c="0.000000" m_d="1.000000" m_tx="0.000000" m_ty="0.050000"/>
  </frame>
  <frame idx="125" w="249" h="248" x="3.991310" y="-50.411438">
   <element name="symbol_926939d6" layername="sparkle" frame="0" z_index="2" m_a="0.035664" m_b="0.193981" m_c="-0.193981" m_d="0.035664" m_tx="33.500000" m_ty="-43.549000"/>
   <element name="symbol_c303c9ea" layername="flin" frame="0" z_index="3" m_a="1.000000" m_b="0.000000" m_c="0.000000" m_d="1.000000" m_tx="0.000000" m_ty="0.050000"/>
  </frame>
  <frame idx="150" w="296" h="280" x="-10.035446" y="-60.077194">
   <element name="symbol_926939d6" layername="sparkle" frame="0" z_index="2" m_a="-0.102827" m_b="0.225059" m_c="-0.225059" m_d="-0.102827" m_tx="33.500000" m_ty="-43.549000"/>
   <element name="symbol_c303c9ea" layername="flin" frame="0" z_index="3" m_a="1.000000" m_b="0.000000" m_c="0.000000" m_d="1.000000" m_tx="0.000000" m_ty="0.050000"/>
  </frame>
  <frame idx="175" w="328" h="335" x="-19.815613" y="-76.649200">
   <element name="symbol_926939d6" layername="sparkle" frame="0" z_index="2" m_a="-0.279190" m_b="0.126410" m_c="-0.126410" m_d="-0.279190" m_tx="33.487881" m_ty="-43.536880"/>
   <element name="symbol_c303c9ea" layername="flin" frame="0" z_index="3" m_a="1.000000" m_b="0.000000" m_c="0.000000" m_d="1.000000" m_tx="0.000000" m_ty="0.050000"/>
  </frame>
  <frame idx="200" w="313" h="406" x="-15.150177" y="-98.366501">
   <element name="symbol_926939d6" layername="sparkle" frame="0" z_index="2" m_a="-0.345840" m_b="-0.143251" m_c="0.143251" m_d="-0.345840" m_tx="33.450001" m_ty="-43.499001"/>
   <element name="symbol_c303c9ea" layername="flin" frame="0" z_index="3" m_a="1.000000" m_b="0.000000" m_c="0.000000" m_d="1.000000" m_tx="0.000000" m_ty="0.050000"/>
  </frame>
  <frame idx="225" w="247" h="438" x="4.950562" y="-107.921326">
   <element name="symbol_926939d6" layername="sparkle" frame="0" z_index="2" m_a="-0.107730" m_b="-0.438625" m_c="0.438625" m_d="-0.107730" m_tx="33.486763" m_ty="-43.572529"/>
   <element name="symbol_c303c9ea" layername="flin" frame="0" z_index="3" m_a="1.000000" m_b="0.000000" m_c="0.000000" m_d="1.000000" m_tx="0.000000" m_ty="0.050000"/>
  </frame>
  <frame idx="250" w="247" h="380" x="4.950562" y="-90.466537">
   <element name="symbol_926939d6" layername="sparkle" frame="0" z_index="2" m_a="0.390521" m_b="-0.370761" m_c="0.370761" m_d="0.390521" m_tx="33.500000" m_ty="-43.574757"/>
   <element name="symbol_c303c9ea" layername="flin" frame="0" z_index="3" m_a="1.000000" m_b="0.000000" m_c="0.000000" m_d="1.000000" m_tx="0.000000" m_ty="0.050000"/>
  </frame>
  <frame idx="275" w="251" h="248" x="3.426842" y="-50.411438">
   <element name="symbol_926939d6" layername="sparkle" frame="0" z_index="2" m_a="0.535545" m_b="0.199986" m_c="-0.199986" m_d="0.535545" m_tx="33.500000" m_ty="-43.549000"/>
   <element name="symbol_c303c9ea" layername="flin" frame="0" z_index="3" m_a="1.000000" m_b="0.000000" m_c="0.000000" m_d="1.000000" m_tx="0.000000" m_ty="0.050000"/>
  </frame>
  <frame idx="300" w="337" h="248" x="-22.635910" y="-50.411438">
   <element name="symbol_926939d6" layername="sparkle" frame="0" z_index="2" m_a="0.046231" m_b="0.477249" m_c="-0.477249" m_d="0.046231" m_tx="33.500000" m_ty="-43.549000"/>
   <element name="symbol_c303c9ea" layername="flin" frame="0" z_index="3" m_a="1.000000" m_b="0.000000" m_c="0.000000" m_d="1.000000" m_tx="0.000000" m_ty="0.050000"/>
  </frame>
  <frame idx="325" w="379" h="341" x="-35.350555" y="-78.579025">
   <element name="symbol_926939d6" layername="sparkle" frame="0" z_index="2" m_a="-0.299655" m_b="0.268227" m_c="-0.268227" m_d="-0.299655" m_tx="33.500000" m_ty="-43.549000"/>
   <element name="symbol_c303c9ea" layername="flin" frame="0" z_index="3" m_a="1.000000" m_b="0.000000" m_c="0.000000" m_d="1.000000" m_tx="0.000000" m_ty="0.050000"/>
  </frame>
  <frame idx="350" w="306" h="366" x="-13.207535" y="-85.922791">
   <element name="symbol_926939d6" layername="sparkle" frame="0" z_index="2" m_a="-0.328084" m_b="-0.043142" m_c="0.043142" m_d="-0.328084" m_tx="33.500000" m_ty="-43.573242"/>
   <element name="symbol_c303c9ea" layername="flin" frame="0" z_index="3" m_a="1.000000" m_b="0.000000" m_c="0.000000" m_d="1.000000" m_tx="0.000000" m_ty="0.050000"/>
  </frame>
  <frame idx="375" w="248" h="374" x="4.313942" y="-88.646454">
   <element name="symbol_926939d6" layername="sparkle" frame="0" z_index="2" m_a="-0.165848" m_b="-0.209504" m_c="0.209504" m_d="-0.165848" m_tx="33.500000" m_ty="-43.586880"/>
   <element name="symbol_c303c9ea" layername="flin" frame="0" z_index="3" m_a="1.000000" m_b="0.000000" m_c="0.000000" m_d="1.000000" m_tx="0.000000" m_ty="0.050000"/>
  </frame>
  <frame idx="400" w="247" h="324" x="4.950562" y="-73.341019">
   <element name="symbol_926939d6" layername="sparkle" frame="0" z_index="2" m_a="-0.000000" m_b="-0.212311" m_c="0.212311" m_d="-0.000000" m_tx="33.500000" m_ty="-43.549000"/>
   <element name="symbol_c303c9ea" layername="flin" frame="0" z_index="3" m_a="1.000000" m_b="0.000000" m_c="0.000000" m_d="1.000000" m_tx="0.000000" m_ty="0.050000"/>
  </frame>
  <frame idx="425" w="247" h="301" x="4.950562" y="-66.519211">
   <element name="symbol_926939d6" layername="sparkle" frame="0" z_index="2" m_a="0.082463" m_b="-0.149146" m_c="0.149146" m_d="0.082463" m_tx="33.500000" m_ty="-43.549000"/>
   <element name="symbol_c303c9ea" layername="flin" frame="0" z_index="3" m_a="1.000000" m_b="0.000000" m_c="0.000000" m_d="1.000000" m_tx="0.000000" m_ty="0.050000"/>
  </frame>
  <frame idx="450" w="247" h="278" x="4.950562" y="-59.240021">
   <element name="symbol_926939d6" layername="sparkle" frame="0" z_index="2" m_a="0.108482" m_b="-0.081746" m_c="0.081746" m_d="0.108482" m_tx="33.500000" m_ty="-43.549000"/>
   <element name="symbol_c303c9ea" layername="flin" frame="0" z_index="3" m_a="1.000000" m_b="0.000000" m_c="0.000000" m_d="1.000000" m_tx="0.000000" m_ty="0.050000"/>
  </frame>
  <frame idx="475" w="247" h="260" x="4.950562" y="-54.132080">
   <element name="symbol_926939d6" layername="sparkle" frame="0" z_index="2" m_a="0.103623" m_b="-0.034450" m_c="0.034450" m_d="0.103623" m_tx="33.500000" m_ty="-43.549000"/>
   <element name="symbol_c303c9ea" layername="flin" frame="0" z_index="3" m_a="1.000000" m_b="0.000000" m_c="0.000000" m_d="1.000000" m_tx="0.000000" m_ty="0.050000"/>
  </frame>
  <frame idx="500" w="247" h="251" x="4.950562" y="-51.357361">
   <element name="symbol_926939d6" layername="sparkle" frame="0" z_index="2" m_a="0.090332" m_b="-0.008759" m_c="0.008759" m_d="0.090332" m_tx="33.500000" m_ty="-43.549000"/>
   <element name="symbol_c303c9ea" layername="flin" frame="0" z_index="3" m_a="1.000000" m_b="0.000000" m_c="0.000000" m_d="1.000000" m_tx="0.000000" m_ty="0.050000"/>
  </frame>
  <frame idx="525" w="247" h="249" x="4.950562" y="-50.645798">
   <element name="symbol_926939d6" layername="sparkle" frame="0" z_index="2" m_a="0.084795" m_b="-0.002170" m_c="0.002170" m_d="0.084795" m_tx="33.500000" m_ty="-43.549000"/>
   <element name="symbol_c303c9ea" layername="flin" frame="0" z_index="3" m_a="1.000000" m_b="0.000000" m_c="0.000000" m_d="1.000000" m_tx="0.000000" m_ty="0.050000"/>
  </frame>
  <frame idx="550" w="247" h="248" x="4.950562" y="-50.411438">
   <element name="symbol_926939d6" layername="sparkle" frame="0" z_index="2" m_a="0.082687" m_b="0.000000" m_c="0.000000" m_d="0.082687" m_tx="33.500000" m_ty="-43.549000"/>
   <element name="symbol_c303c9ea" layername="flin" frame="0" z_index="3" m_a="1.000000" m_b="0.000000" m_c="0.000000" m_d="1.000000" m_tx="0.000000" m_ty="0.050000"/>
  </frame>
  <frame idx="575" w="247" h="248" x="4.950562" y="-50.411438">
   <element name="symbol_926939d6" layername="sparkle" frame="0" z_index="2" m_a="0.082687" m_b="0.000000" m_c="0.000000" m_d="0.082687" m_tx="33.500000" m_ty="-43.549000"/>
   <element name="symbol_c303c9ea" layername="flin" frame="0" z_index="3" m_a="1.000000" m_b="0.000000" m_c="0.000000" m_d="1.000000" m_tx="0.000000" m_ty="0.050000"/>
  </frame>
 </anim>
</Anims>
