<Anims>
 <anim name="empty" root="torren_cactus" numframes="125" framerate="40">
  <frame idx="0" w="222" h="92" x="1.502075" y="-4.883190">
   <element name="oasis_cactus01" layername="oasis_cactu" frame="0" z_index="4" m_a="1.000000" m_b="0.000000" m_c="0.000000" m_d="1.000120" m_tx="0.000000" m_ty="0.000000"/>
  </frame>
  <frame idx="25" w="222" h="92" x="1.502075" y="-4.883190">
   <element name="oasis_cactus01" layername="oasis_cactu" frame="0" z_index="4" m_a="1.000000" m_b="0.000000" m_c="0.000000" m_d="1.000120" m_tx="0.000000" m_ty="0.000000"/>
  </frame>
  <frame idx="50" w="222" h="92" x="1.502075" y="-4.883190">
   <element name="oasis_cactus01" layername="oasis_cactu" frame="0" z_index="4" m_a="1.000000" m_b="0.000000" m_c="0.000000" m_d="1.000120" m_tx="0.000000" m_ty="0.000000"/>
  </frame>
  <frame idx="75" w="222" h="92" x="1.502075" y="-4.883190">
   <element name="oasis_cactus01" layername="oasis_cactu" frame="0" z_index="4" m_a="1.000000" m_b="0.000000" m_c="0.000000" m_d="1.000120" m_tx="0.000000" m_ty="0.000000"/>
  </frame>
  <frame idx="100" w="222" h="92" x="1.502075" y="-4.883190">
   <element name="oasis_cactus01" layername="oasis_cactu" frame="0" z_index="4" m_a="1.000000" m_b="0.000000" m_c="0.000000" m_d="1.000120" m_tx="0.000000" m_ty="0.000000"/>
  </frame>
 </anim>
 <anim name="grow" root="torren_cactus" numframes="1425" framerate="40">
  <frame idx="0" w="222" h="92" x="1.502068" y="-4.883205">
   <element name="oasis_cactus01" layername="oasis_cactu" frame="0" z_index="4" m_a="1.000000" m_b="-0.000000" m_c="0.000000" m_d="1.000120" m_tx="-0.000016" m_ty="0.000000"/>
  </frame>
  <frame idx="25" w="222" h="93" x="1.314842" y="-5.221409">
   <element name="oasis_cactus01" layername="oasis_cactu" frame="0" z_index="4" m_a="0.999994" m_b="-0.003383" m_c="0.003384" m_d="1.000210" m_tx="-0.318634" m_ty="0.000000"/>
  </frame>
  <frame idx="50" w="223" h="94" x="1.122826" y="-5.566628">
   <element name="oasis_cactus01" layername="oasis_cactu" frame="0" z_index="4" m_a="0.999977" m_b="-0.006832" m_c="0.006834" m_d="1.000290" m_tx="-0.643434" m_ty="0.000000"/>
  </frame>
  <frame idx="75" w="223" h="96" x="0.927551" y="-5.916096">
   <element name="oasis_cactus01" layername="oasis_cactu" frame="0" z_index="4" m_a="0.999947" m_b="-0.010318" m_c="0.010322" m_d="1.000356" m_tx="-0.971707" m_ty="0.000000"/>
  </frame>
  <frame idx="100" w="224" h="97" x="0.731079" y="-6.266209">
   <element name="oasis_cactus01" layername="oasis_cactu" frame="0" z_index="4" m_a="0.999905" m_b="-0.013803" m_c="0.013810" m_d="1.000405" m_tx="-1.299970" m_ty="0.000000"/>
  </frame>
  <frame idx="125" w="223" h="94" x="1.151154" y="-5.521713">
   <element name="oasis_cactus01" layername="oasis_cactu" frame="0" z_index="4" m_a="0.999979" m_b="-0.006475" m_c="0.006478" m_d="1.000516" m_tx="-0.601457" m_ty="0.000000"/>
  </frame>
  <frame idx="150" w="222" h="93" x="1.573845" y="-4.765106">
   <element name="oasis_cactus01" layername="oasis_cactu" frame="0" z_index="4" m_a="1.000000" m_b="0.000994" m_c="-0.000995" m_d="1.000574" m_tx="0.110607" m_ty="0.000000"/>
  </frame>
  <frame idx="175" w="222" h="93" x="1.995354" y="-4.002796">
   <element name="oasis_cactus01" layername="oasis_cactu" frame="0" z_index="4" m_a="0.999964" m_b="0.008542" m_c="-0.008547" m_d="1.000573" m_tx="0.830288" m_ty="0.000000"/>
  </frame>
  <frame idx="200" w="222" h="94" x="2.411026" y="-3.242825">
   <element name="oasis_cactus01" layername="oasis_cactu" frame="0" z_index="4" m_a="0.999871" m_b="0.016090" m_c="-0.016101" m_d="1.000510" m_tx="1.549960" m_ty="0.000000"/>
  </frame>
  <frame idx="225" w="222" h="93" x="1.968895" y="-4.036125">
   <element name="oasis_cactus01" layername="oasis_cactu" frame="0" z_index="4" m_a="0.999966" m_b="0.008199" m_c="-0.008204" m_d="1.000606" m_tx="0.790179" m_ty="0.000000"/>
  </frame>
  <frame idx="250" w="222" h="92" x="1.511650" y="-4.847183">
   <element name="oasis_cactus01" layername="oasis_cactu" frame="0" z_index="4" m_a="1.000000" m_b="0.000156" m_c="-0.000156" m_d="1.000640" m_tx="0.015656" m_ty="0.000000"/>
  </frame>
  <frame idx="275" w="223" h="95" x="1.042854" y="-5.669445">
   <element name="oasis_cactus01" layername="oasis_cactu" frame="0" z_index="4" m_a="0.999968" m_b="-0.007973" m_c="0.007978" m_d="1.000608" m_tx="-0.767158" m_ty="0.000000"/>
  </frame>
  <frame idx="300" w="224" h="97" x="0.567490" y="-6.494549">
   <element name="oasis_cactus01" layername="oasis_cactu" frame="0" z_index="4" m_a="0.999870" m_b="-0.016105" m_c="0.016115" m_d="1.000510" m_tx="-1.549970" m_ty="0.000000"/>
  </frame>
  <frame idx="325" w="223" h="94" x="1.156967" y="-5.468861">
   <element name="oasis_cactus01" layername="oasis_cactu" frame="0" z_index="4" m_a="0.999982" m_b="-0.005956" m_c="0.005959" m_d="1.000527" m_tx="-0.575716" m_ty="0.000000"/>
  </frame>
  <frame idx="350" w="222" h="93" x="1.747215" y="-4.427162">
   <element name="oasis_cactus01" layername="oasis_cactu" frame="0" z_index="4" m_a="0.999990" m_b="0.004391" m_c="-0.004393" m_d="1.000442" m_tx="0.417432" m_ty="0.000000"/>
  </frame>
  <frame idx="375" w="222" h="93" x="2.429710" y="-3.689651">
   <element name="oasis_cactus01" layername="oasis_cactu" frame="0" z_index="4" m_a="1.002316" m_b="0.011580" m_c="-0.011537" m_d="0.998567" m_tx="1.143639" m_ty="0.084552"/>
  </frame>
  <frame idx="400" w="223" h="93" x="3.314331" y="-3.614769">
   <element name="oasis_cactus01" layername="oasis_cactu" frame="0" z_index="4" m_a="1.009761" m_b="0.011826" m_c="-0.011630" m_d="0.993075" m_tx="1.280010" m_ty="0.348775"/>
  </frame>
  <frame idx="425" w="225" h="91" x="6.273590" y="-3.364056">
   <element name="oasis_cactus01" layername="oasis_cactu" frame="0" z_index="4" m_a="1.034657" m_b="0.012649" m_c="-0.011916" m_d="0.974725" m_tx="1.735885" m_ty="1.232029"/>
  </frame>
  <frame idx="450" w="227" h="90" x="8.795319" y="-3.455238">
   <element name="oasis_cactus01" layername="oasis_cactu" frame="0" z_index="4" m_a="1.057699" m_b="0.013126" m_c="-0.011758" m_d="0.947458" m_tx="1.924233" m_ty="2.156065"/>
  </frame>
  <frame idx="475" w="230" h="87" x="10.927719" y="-3.666897">
   <element name="oasis_cactus01" layername="oasis_cactu" frame="0" z_index="4" m_a="1.081244" m_b="0.013606" m_c="-0.011568" m_d="0.919304" m_tx="1.671198" m_ty="2.993947"/>
  </frame>
  <frame idx="500" w="234" h="85" x="12.756920" y="-3.721931">
   <element name="oasis_cactus01" layername="oasis_cactu" frame="0" z_index="4" m_a="1.108075" m_b="0.014545" m_c="-0.011812" m_d="0.899922" m_tx="0.800006" m_ty="3.600000"/>
  </frame>
  <frame idx="525" w="233" h="85" x="11.916992" y="-3.382912">
   <element name="oasis_cactus01" layername="oasis_cactu" frame="0" z_index="4" m_a="1.095718" m_b="0.012990" m_c="-0.010775" m_d="0.908868" m_tx="1.167634" m_ty="3.747081"/>
  </frame>
  <frame idx="550" w="235" h="84" x="13.122200" y="-2.632912">
   <element name="oasis_cactus01" layername="oasis_cactu" frame="0" z_index="4" m_a="1.113161" m_b="0.013705" m_c="-0.011035" m_d="0.896298" m_tx="0.621204" m_ty="4.915162"/>
  </frame>
  <frame idx="575" w="238" h="82" x="14.495865" y="-2.035255">
   <element name="oasis_cactus01" layername="oasis_cactu" frame="0" z_index="4" m_a="1.133198" m_b="0.015033" m_c="-0.011698" m_d="0.881843" m_tx="-0.003030" m_ty="5.942421"/>
  </frame>
  <frame idx="600" w="237" h="83" x="13.780243" y="-2.264046">
   <element name="oasis_cactus01" layername="oasis_cactu" frame="0" z_index="4" m_a="1.123132" m_b="0.014840" m_c="-0.011748" m_d="0.889102" m_tx="0.299987" m_ty="5.450020"/>
  </frame>
  <frame idx="625" w="240" h="81" x="15.542198" y="-1.603462">
   <element name="oasis_cactus01" layername="oasis_cactu" frame="0" z_index="4" m_a="1.148539" m_b="0.015338" m_c="-0.011629" m_d="0.870815" m_tx="-0.508824" m_ty="6.773535"/>
  </frame>
  <frame idx="650" w="240" h="81" x="15.868629" y="-1.459297">
   <element name="oasis_cactus01" layername="oasis_cactu" frame="0" z_index="4" m_a="1.152969" m_b="0.015436" m_c="-0.011616" m_d="0.867634" m_tx="-0.630306" m_ty="7.031823"/>
  </frame>
  <frame idx="675" w="241" h="81" x="15.934059" y="-1.407402">
   <element name="oasis_cactus01" layername="oasis_cactu" frame="0" z_index="4" m_a="1.153753" m_b="0.015459" m_c="-0.011618" m_d="0.867078" m_tx="-0.643947" m_ty="7.103038"/>
  </frame>
  <frame idx="700" w="244" h="79" x="17.160873" y="-0.933453">
   <element name="oasis_cactus01" layername="oasis_cactu" frame="0" z_index="4" m_a="1.171863" m_b="0.015811" m_c="-0.011523" m_d="0.854038" m_tx="-1.250000" m_ty="8.050000"/>
  </frame>
  <frame idx="725" w="242" h="80" x="16.809204" y="-1.072273">
   <element name="oasis_cactus01" layername="oasis_cactu" frame="0" z_index="4" m_a="1.167298" m_b="0.015719" m_c="-0.011545" m_d="0.857315" m_tx="-1.139706" m_ty="7.792655"/>
  </frame>
  <frame idx="750" w="244" h="79" x="17.164619" y="-0.973953">
   <element name="oasis_cactus01" layername="oasis_cactu" frame="0" z_index="4" m_a="1.172097" m_b="0.015823" m_c="-0.011527" m_d="0.853863" m_tx="-1.269697" m_ty="8.015157"/>
  </frame>
  <frame idx="775" w="245" h="79" x="17.636253" y="-0.823872">
   <element name="oasis_cactus01" layername="oasis_cactu" frame="0" z_index="4" m_a="1.178302" m_b="0.015955" m_c="-0.011501" m_d="0.849405" m_tx="-1.425758" m_ty="8.325758"/>
  </frame>
  <frame idx="800" w="245" h="79" x="17.509750" y="-0.847664">
   <element name="oasis_cactus01" layername="oasis_cactu" frame="0" z_index="4" m_a="1.176302" m_b="0.015911" m_c="-0.011509" m_d="0.850850" m_tx="-1.350000" m_ty="8.250000"/>
  </frame>
  <frame idx="825" w="245" h="79" x="17.665245" y="-0.649139">
   <element name="oasis_cactus01" layername="oasis_cactu" frame="0" z_index="4" m_a="1.178889" m_b="0.017127" m_c="-0.012334" m_d="0.849023" m_tx="-1.423530" m_ty="8.397058"/>
  </frame>
  <frame idx="850" w="240" h="107" x="14.563988" y="2.035313">
   <element name="oasis_cactus01" layername="oasis_cactu" frame="0" z_index="4" m_a="1.143563" m_b="0.014857" m_c="-0.015852" m_d="1.220119" m_tx="-0.819684" m_ty="-3.162024"/>
  </frame>
  <frame idx="875" w="224" h="114" x="10.228180" y="10.171253">
   <element name="oasis_cactus01" layername="oasis_cactu" frame="0" z_index="4" m_a="1.050628" m_b="0.008738" m_c="-0.011838" m_d="1.423399" m_tx="4.074320" m_ty="-2.335940"/>
  </frame>
  <frame idx="900" w="343" h="599" x="-18.209854" y="-107.028641">
   <element name="oasis_cactus01" layername="oasis_cactu" frame="1" z_index="4" m_a="0.880554" m_b="0.000000" m_c="0.000000" m_d="0.824162" m_tx="23.433231" m_ty="143.784836"/>
  </frame>
  <frame idx="925" w="337" h="635" x="-20.097534" y="2.054779">
   <element name="oasis_cactus01" layername="oasis_cactu" frame="1" z_index="4" m_a="0.859428" m_b="0.000000" m_c="0.000000" m_d="1.092396" m_tx="25.052532" m_ty="181.786331"/>
  </frame>
  <frame idx="950" w="337" h="647" x="-19.099533" y="36.757080">
   <element name="oasis_cactus01" layername="oasis_cactu" frame="1" z_index="4" m_a="0.861401" m_b="0.000000" m_c="0.000000" m_d="1.177590" m_tx="25.722939" m_ty="193.912109"/>
  </frame>
  <frame idx="975" w="340" h="643" x="-14.736862" y="24.877991">
   <element name="oasis_cactus01" layername="oasis_cactu" frame="1" z_index="4" m_a="0.886312" m_b="0.000000" m_c="0.000000" m_d="1.148022" m_tx="25.950371" m_ty="189.868713"/>
  </frame>
  <frame idx="1000" w="349" h="635" x="-6.673737" y="2.921875">
   <element name="oasis_cactus01" layername="oasis_cactu" frame="1" z_index="4" m_a="0.932353" m_b="0.000000" m_c="0.000000" m_d="1.093370" m_tx="26.370707" m_ty="182.395264"/>
  </frame>
  <frame idx="1025" w="363" h="621" x="8.448807" y="-38.253754">
   <element name="oasis_cactus01" layername="oasis_cactu" frame="1" z_index="4" m_a="1.018704" m_b="0.000000" m_c="0.000000" m_d="0.990878" m_tx="27.159042" m_ty="168.379990"/>
  </frame>
  <frame idx="1050" w="367" h="618" x="9.921646" y="-45.151611">
   <element name="oasis_cactus01" layername="oasis_cactu" frame="1" z_index="4" m_a="1.032510" m_b="0.000000" m_c="0.000000" m_d="0.973194" m_tx="26.340027" m_ty="166.168411"/>
  </frame>
  <frame idx="1075" w="365" h="622" x="4.466080" y="-34.264679">
   <element name="oasis_cactus01" layername="oasis_cactu" frame="1" z_index="4" m_a="1.008772" m_b="0.000000" m_c="0.000000" m_d="0.999587" m_tx="24.825052" m_ty="170.061279"/>
  </frame>
  <frame idx="1100" w="362" h="624" x="0.603424" y="-26.557861">
   <element name="oasis_cactus01" layername="oasis_cactu" frame="1" z_index="4" m_a="0.991964" m_b="0.000000" m_c="0.000000" m_d="1.018270" m_tx="23.752457" m_ty="172.817001"/>
  </frame>
  <frame idx="1125" w="361" h="625" x="-1.523056" y="-22.314636">
   <element name="oasis_cactus01" layername="oasis_cactu" frame="1" z_index="4" m_a="0.982711" m_b="0.000000" m_c="0.000000" m_d="1.028557" m_tx="23.161959" m_ty="174.334259"/>
  </frame>
  <frame idx="1150" w="361" h="626" x="-2.757248" y="-19.851013">
   <element name="oasis_cactus01" layername="oasis_cactu" frame="1" z_index="4" m_a="0.977341" m_b="0.000000" m_c="0.000000" m_d="1.034529" m_tx="22.819233" m_ty="175.215225"/>
  </frame>
  <frame idx="1175" w="361" h="626" x="-2.850830" y="-19.866425">
   <element name="oasis_cactus01" layername="oasis_cactu" frame="1" z_index="4" m_a="0.976928" m_b="0.000000" m_c="0.000000" m_d="1.034340" m_tx="22.794188" m_ty="175.249908"/>
  </frame>
  <frame idx="1200" w="361" h="624" x="-1.587143" y="-23.022644">
   <element name="oasis_cactus01" layername="oasis_cactu" frame="1" z_index="4" m_a="0.982409" m_b="0.000000" m_c="0.000000" m_d="1.026215" m_tx="23.148058" m_ty="174.246841"/>
  </frame>
  <frame idx="1225" w="362" h="624" x="-0.582642" y="-25.533478">
   <element name="oasis_cactus01" layername="oasis_cactu" frame="1" z_index="4" m_a="0.986765" m_b="0.000000" m_c="0.000000" m_d="1.019752" m_tx="23.429340" m_ty="173.448715"/>
  </frame>
  <frame idx="1250" w="362" h="623" x="0.261139" y="-27.642639">
   <element name="oasis_cactus01" layername="oasis_cactu" frame="1" z_index="4" m_a="0.990425" m_b="0.000000" m_c="0.000000" m_d="1.014323" m_tx="23.665611" m_ty="172.778275"/>
  </frame>
  <frame idx="1275" w="362" h="622" x="0.953430" y="-29.373169">
   <element name="oasis_cactus01" layername="oasis_cactu" frame="1" z_index="4" m_a="0.993428" m_b="0.000000" m_c="0.000000" m_d="1.009868" m_tx="23.859467" m_ty="172.228180"/>
  </frame>
  <frame idx="1300" w="363" h="622" x="1.503052" y="-30.747192">
   <element name="oasis_cactus01" layername="oasis_cactu" frame="1" z_index="4" m_a="0.995812" m_b="0.000000" m_c="0.000000" m_d="1.006331" m_tx="24.013372" m_ty="171.791412"/>
  </frame>
  <frame idx="1325" w="363" h="621" x="1.905518" y="-31.751221">
   <element name="oasis_cactus01" layername="oasis_cactu" frame="1" z_index="4" m_a="0.997557" m_b="0.000000" m_c="0.000000" m_d="1.003746" m_tx="24.126085" m_ty="171.472412"/>
  </frame>
  <frame idx="1350" w="363" h="621" x="2.200470" y="-32.487610">
   <element name="oasis_cactus01" layername="oasis_cactu" frame="1" z_index="4" m_a="0.998836" m_b="0.000000" m_c="0.000000" m_d="1.001851" m_tx="24.208677" m_ty="171.238419"/>
  </frame>
  <frame idx="1375" w="363" h="621" x="2.387299" y="-32.954987">
   <element name="oasis_cactus01" layername="oasis_cactu" frame="1" z_index="4" m_a="0.999647" m_b="0.000000" m_c="0.000000" m_d="1.000648" m_tx="24.260994" m_ty="171.089813"/>
  </frame>
  <frame idx="1400" w="363" h="621" x="2.465622" y="-33.152283">
   <element name="oasis_cactus01" layername="oasis_cactu" frame="1" z_index="4" m_a="0.999986" m_b="0.000000" m_c="0.000000" m_d="1.000140" m_tx="24.282927" m_ty="171.026993"/>
  </frame>
 </anim>
 <anim name="idle" root="torren_cactus" numframes="125" framerate="40">
  <frame idx="0" w="390" h="809" x="-21.815048" y="-204.184631">
   <element name="oasis_cactus01" layername="oasis_cactu" frame="1" z_index="4" m_a="1.000000" m_b="0.000000" m_c="0.000000" m_d="1.000120" m_tx="0.000000" m_ty="0.000000"/>
  </frame>
  <frame idx="25" w="390" h="809" x="-21.815048" y="-204.184631">
   <element name="oasis_cactus01" layername="oasis_cactu" frame="1" z_index="4" m_a="1.000000" m_b="0.000000" m_c="0.000000" m_d="1.000120" m_tx="0.000000" m_ty="0.000000"/>
  </frame>
  <frame idx="50" w="390" h="809" x="-21.815048" y="-204.184631">
   <element name="oasis_cactus01" layername="oasis_cactu" frame="1" z_index="4" m_a="1.000000" m_b="0.000000" m_c="0.000000" m_d="1.000120" m_tx="0.000000" m_ty="0.000000"/>
  </frame>
  <frame idx="75" w="390" h="809" x="-21.815048" y="-204.184631">
   <element name="oasis_cactus01" layername="oasis_cactu" frame="1" z_index="4" m_a="1.000000" m_b="0.000000" m_c="0.000000" m_d="1.000120" m_tx="0.000000" m_ty="0.000000"/>
  </frame>
  <frame idx="100" w="390" h="809" x="-21.815048" y="-204.184631">
   <element name="oasis_cactus01" layername="oasis_cactu" frame="1" z_index="4" m_a="1.000000" m_b="0.000000" m_c="0.000000" m_d="1.000120" m_tx="0.000000" m_ty="0.000000"/>
  </frame>
 </anim>
 <anim name="picked" root="torren_cactus" numframes="350" framerate="40">
  <frame idx="0" w="343" h="911" x="-65.571983" y="-131.083282">
   <element name="oasis_cactus01" layername="oasis_cactu" frame="1" z_index="4" m_a="0.736404" m_b="0.000000" m_c="0.000000" m_d="1.313710" m_tx="0.000000" m_ty="-10.000000"/>
  </frame>
  <frame idx="25" w="341" h="917" x="-66.226952" y="-127.586365">
   <element name="oasis_cactus01" layername="oasis_cactu" frame="1" z_index="4" m_a="0.732458" m_b="0.000000" m_c="0.000000" m_d="1.329681" m_tx="0.000000" m_ty="-10.735294"/>
  </frame>
  <frame idx="50" w="340" h="922" x="-66.894623" y="-124.020386">
   <element name="oasis_cactus01" layername="oasis_cactu" frame="1" z_index="4" m_a="0.728436" m_b="0.000000" m_c="0.000000" m_d="1.345966" m_tx="0.000000" m_ty="-11.484848"/>
  </frame>
  <frame idx="75" w="340" h="928" x="-67.569443" y="-120.415497">
   <element name="oasis_cactus01" layername="oasis_cactu" frame="1" z_index="4" m_a="0.724371" m_b="0.000000" m_c="0.000000" m_d="1.362428" m_tx="0.000000" m_ty="-12.242424"/>
  </frame>
  <frame idx="100" w="339" h="933" x="-68.244255" y="-116.810577">
   <element name="oasis_cactus01" layername="oasis_cactu" frame="1" z_index="4" m_a="0.720306" m_b="0.000000" m_c="0.000000" m_d="1.378890" m_tx="0.000000" m_ty="-13.000000"/>
  </frame>
  <frame idx="125" w="345" h="825" x="-71.793068" y="-194.121521">
   <element name="oasis_cactus01" layername="oasis_cactu" frame="1" z_index="4" m_a="0.711772" m_b="0.005481" m_c="-0.008046" m_d="1.044872" m_tx="0.000000" m_ty="-2.705883"/>
  </frame>
  <frame idx="150" w="383" h="1011" x="-54.968491" y="-244.329956">
   <element name="oasis_cactus01" layername="oasis_cactu" frame="1" z_index="4" m_a="0.869453" m_b="0.004691" m_c="-0.006842" m_d="1.268175" m_tx="-9.669673" m_ty="-111.958473"/>
  </frame>
  <frame idx="175" w="252" h="162" x="-3.063538" y="-34.049004">
   <element name="oasis_cactus01" layername="oasis_cactu" frame="0" z_index="4" m_a="1.118405" m_b="0.000000" m_c="0.000000" m_d="1.445085" m_tx="-16.524530" m_ty="-46.519440"/>
  </frame>
  <frame idx="200" w="284" h="104" x="17.995598" y="-27.029205">
   <element name="oasis_cactus01" layername="oasis_cactu" frame="0" z_index="4" m_a="1.362640" m_b="0.000000" m_c="0.000000" m_d="0.857256" m_tx="-20.133123" m_ty="-16.574318"/>
  </frame>
  <frame idx="225" w="268" h="109" x="7.013336" y="-28.091171">
   <element name="oasis_cactus01" layername="oasis_cactu" frame="0" z_index="4" m_a="1.235272" m_b="0.000000" m_c="0.000000" m_d="0.907434" m_tx="-18.251255" m_ty="-19.593224"/>
  </frame>
  <frame idx="250" w="256" h="114" x="-1.447815" y="-28.909340">
   <element name="oasis_cactus01" layername="oasis_cactu" frame="0" z_index="4" m_a="1.137144" m_b="0.000000" m_c="0.000000" m_d="0.946092" m_tx="-16.801394" m_ty="-21.919071"/>
  </frame>
  <frame idx="275" w="247" h="117" x="-7.515488" y="-29.496056">
   <element name="oasis_cactus01" layername="oasis_cactu" frame="0" z_index="4" m_a="1.066773" m_b="0.000000" m_c="0.000000" m_d="0.973815" m_tx="-15.761666" m_ty="-23.586966"/>
  </frame>
  <frame idx="300" w="240" h="119" x="-11.510574" y="-29.882347">
   <element name="oasis_cactus01" layername="oasis_cactu" frame="0" z_index="4" m_a="1.020440" m_b="0.000000" m_c="0.000000" m_d="0.992068" m_tx="-15.077088" m_ty="-24.685125"/>
  </frame>
  <frame idx="325" w="238" h="119" x="-12.806488" y="-30.007702">
   <element name="oasis_cactus01" layername="oasis_cactu" frame="0" z_index="4" m_a="1.005411" m_b="0.000000" m_c="0.000000" m_d="0.997989" m_tx="-14.855027" m_ty="-25.041389"/>
  </frame>
 </anim>
</Anims>
