<Anims>
 <anim name="idle" root="pillar_torrenivdesert_small" numframes="100" framerate="40">
  <frame idx="0" w="1301" h="1436" x="198.343201" y="20.940125">
   <element name="pillar" layername="pillar" frame="0" z_index="1" m_a="2.301374" m_b="0.000000" m_c="0.000000" m_d="2.301374" m_tx="3.861905" m_ty="-290.061920"/>
   <element name="shdw" layername="shdw" frame="0" z_index="2" m_a="1.240139" m_b="0.000000" m_c="0.000000" m_d="1.000000" m_tx="-0.100000" m_ty="55.349998"/>
  </frame>
  <frame idx="25" w="1301" h="1436" x="198.343201" y="20.940125">
   <element name="pillar" layername="pillar" frame="0" z_index="1" m_a="2.301374" m_b="0.000000" m_c="0.000000" m_d="2.301374" m_tx="3.861905" m_ty="-290.061920"/>
   <element name="shdw" layername="shdw" frame="0" z_index="2" m_a="1.240139" m_b="0.000000" m_c="0.000000" m_d="1.000000" m_tx="-0.100000" m_ty="55.349998"/>
  </frame>
  <frame idx="50" w="1301" h="1436" x="198.343201" y="20.940125">
   <element name="pillar" layername="pillar" frame="0" z_index="1" m_a="2.301374" m_b="0.000000" m_c="0.000000" m_d="2.301374" m_tx="3.861905" m_ty="-290.061920"/>
   <element name="shdw" layername="shdw" frame="0" z_index="2" m_a="1.240139" m_b="0.000000" m_c="0.000000" m_d="1.000000" m_tx="-0.100000" m_ty="55.349998"/>
  </frame>
  <frame idx="75" w="1301" h="1436" x="198.343201" y="20.940125">
   <element name="pillar" layername="pillar" frame="0" z_index="1" m_a="2.301374" m_b="0.000000" m_c="0.000000" m_d="2.301374" m_tx="3.861905" m_ty="-290.061920"/>
   <element name="shdw" layername="shdw" frame="0" z_index="2" m_a="1.240139" m_b="0.000000" m_c="0.000000" m_d="1.000000" m_tx="-0.100000" m_ty="55.349998"/>
  </frame>
 </anim>
</Anims>
