<Anims>
 <anim name="BUILD_PLAYER" root="template" numframes="1000" framerate="40">
  <frame idx="0" w="1027" h="118" x="-36.706238" y="4.220848">
   <element name="foot" layername="foot" frame="0" z_index="2" m_a="-1.000000" m_b="0.000000" m_c="0.000000" m_d="1.000000" m_tx="-319.812500" m_ty="-10.049000"/>
   <element name="foot" layername="foot" frame="0" z_index="4" m_a="1.000000" m_b="0.000000" m_c="0.000000" m_d="1.000000" m_tx="-332.111511" m_ty="-10.049000"/>
   <element name="foot" layername="foot_3_22" frame="3" z_index="1" m_a="1.000000" m_b="0.000000" m_c="0.000000" m_d="1.000000" m_tx="-6.699000" m_ty="-11.699000"/>
   <element name="foot" layername="foot_3_24" frame="3" z_index="3" m_a="-1.000000" m_b="0.000000" m_c="0.000000" m_d="1.000000" m_tx="4.900000" m_ty="-11.299000"/>
   <element name="foot" layername="foot" frame="1" z_index="5" m_a="1.000000" m_b="0.000000" m_c="0.000000" m_d="1.062897" m_tx="346.700989" m_ty="-11.499000"/>
   <element name="foot" layername="foot_2_49" frame="2" z_index="6" m_a="1.000000" m_b="0.000000" m_c="0.000000" m_d="1.062897" m_tx="353.899994" m_ty="-16.349001"/>
  </frame>
  <frame idx="25" w="1027" h="118" x="-36.706238" y="4.220848">
   <element name="foot" layername="foot" frame="0" z_index="2" m_a="-1.000000" m_b="0.000000" m_c="0.000000" m_d="1.000000" m_tx="-319.812500" m_ty="-10.049000"/>
   <element name="foot" layername="foot" frame="0" z_index="4" m_a="1.000000" m_b="0.000000" m_c="0.000000" m_d="1.000000" m_tx="-332.111511" m_ty="-10.049000"/>
   <element name="foot" layername="foot_3_22" frame="3" z_index="1" m_a="1.000000" m_b="0.000000" m_c="0.000000" m_d="1.000000" m_tx="-6.699000" m_ty="-11.699000"/>
   <element name="foot" layername="foot_3_24" frame="3" z_index="3" m_a="-1.000000" m_b="0.000000" m_c="0.000000" m_d="1.000000" m_tx="4.900000" m_ty="-11.299000"/>
   <element name="foot" layername="foot" frame="1" z_index="5" m_a="1.000000" m_b="0.000000" m_c="0.000000" m_d="1.062897" m_tx="346.700989" m_ty="-11.499000"/>
   <element name="foot" layername="foot_2_49" frame="2" z_index="6" m_a="1.000000" m_b="0.000000" m_c="0.000000" m_d="1.062897" m_tx="353.899994" m_ty="-16.349001"/>
  </frame>
  <frame idx="50" w="1027" h="118" x="-36.706238" y="4.220848">
   <element name="foot" layername="foot" frame="0" z_index="2" m_a="-1.000000" m_b="0.000000" m_c="0.000000" m_d="1.000000" m_tx="-319.812500" m_ty="-10.049000"/>
   <element name="foot" layername="foot" frame="0" z_index="4" m_a="1.000000" m_b="0.000000" m_c="0.000000" m_d="1.000000" m_tx="-332.111511" m_ty="-10.049000"/>
   <element name="foot" layername="foot_3_22" frame="3" z_index="1" m_a="1.000000" m_b="0.000000" m_c="0.000000" m_d="1.000000" m_tx="-6.699000" m_ty="-11.699000"/>
   <element name="foot" layername="foot_3_24" frame="3" z_index="3" m_a="-1.000000" m_b="0.000000" m_c="0.000000" m_d="1.000000" m_tx="4.900000" m_ty="-11.299000"/>
   <element name="foot" layername="foot" frame="1" z_index="5" m_a="1.000000" m_b="0.000000" m_c="0.000000" m_d="1.062897" m_tx="346.700989" m_ty="-11.499000"/>
   <element name="foot" layername="foot_2_49" frame="2" z_index="6" m_a="1.000000" m_b="0.000000" m_c="0.000000" m_d="1.062897" m_tx="353.899994" m_ty="-16.349001"/>
  </frame>
  <frame idx="75" w="1027" h="118" x="-36.706238" y="4.220848">
   <element name="foot" layername="foot" frame="0" z_index="2" m_a="-1.000000" m_b="0.000000" m_c="0.000000" m_d="1.000000" m_tx="-319.812500" m_ty="-10.049000"/>
   <element name="foot" layername="foot" frame="0" z_index="4" m_a="1.000000" m_b="0.000000" m_c="0.000000" m_d="1.000000" m_tx="-332.111511" m_ty="-10.049000"/>
   <element name="foot" layername="foot_3_22" frame="3" z_index="1" m_a="1.000000" m_b="0.000000" m_c="0.000000" m_d="1.000000" m_tx="-6.699000" m_ty="-11.699000"/>
   <element name="foot" layername="foot_3_24" frame="3" z_index="3" m_a="-1.000000" m_b="0.000000" m_c="0.000000" m_d="1.000000" m_tx="4.900000" m_ty="-11.299000"/>
   <element name="foot" layername="foot" frame="1" z_index="5" m_a="1.000000" m_b="0.000000" m_c="0.000000" m_d="1.062897" m_tx="346.700989" m_ty="-11.499000"/>
   <element name="foot" layername="foot_2_49" frame="2" z_index="6" m_a="1.000000" m_b="0.000000" m_c="0.000000" m_d="1.062897" m_tx="353.899994" m_ty="-16.349001"/>
  </frame>
  <frame idx="100" w="1027" h="118" x="-36.706238" y="4.220848">
   <element name="foot" layername="foot" frame="0" z_index="2" m_a="-1.000000" m_b="0.000000" m_c="0.000000" m_d="1.000000" m_tx="-319.812500" m_ty="-10.049000"/>
   <element name="foot" layername="foot" frame="0" z_index="4" m_a="1.000000" m_b="0.000000" m_c="0.000000" m_d="1.000000" m_tx="-332.111511" m_ty="-10.049000"/>
   <element name="foot" layername="foot_3_22" frame="3" z_index="1" m_a="1.000000" m_b="0.000000" m_c="0.000000" m_d="1.000000" m_tx="-6.699000" m_ty="-11.699000"/>
   <element name="foot" layername="foot_3_24" frame="3" z_index="3" m_a="-1.000000" m_b="0.000000" m_c="0.000000" m_d="1.000000" m_tx="4.900000" m_ty="-11.299000"/>
   <element name="foot" layername="foot" frame="1" z_index="5" m_a="1.000000" m_b="0.000000" m_c="0.000000" m_d="1.062897" m_tx="346.700989" m_ty="-11.499000"/>
   <element name="foot" layername="foot_2_49" frame="2" z_index="6" m_a="1.000000" m_b="0.000000" m_c="0.000000" m_d="1.062897" m_tx="353.899994" m_ty="-16.349001"/>
  </frame>
  <frame idx="125" w="1027" h="118" x="-36.706238" y="4.220848">
   <element name="foot" layername="foot" frame="0" z_index="2" m_a="-1.000000" m_b="0.000000" m_c="0.000000" m_d="1.000000" m_tx="-319.812500" m_ty="-10.049000"/>
   <element name="foot" layername="foot" frame="0" z_index="4" m_a="1.000000" m_b="0.000000" m_c="0.000000" m_d="1.000000" m_tx="-332.111511" m_ty="-10.049000"/>
   <element name="foot" layername="foot_3_22" frame="3" z_index="1" m_a="1.000000" m_b="0.000000" m_c="0.000000" m_d="1.000000" m_tx="-6.699000" m_ty="-11.699000"/>
   <element name="foot" layername="foot_3_24" frame="3" z_index="3" m_a="-1.000000" m_b="0.000000" m_c="0.000000" m_d="1.000000" m_tx="4.900000" m_ty="-11.299000"/>
   <element name="foot" layername="foot" frame="1" z_index="5" m_a="1.000000" m_b="0.000000" m_c="0.000000" m_d="1.062897" m_tx="346.700989" m_ty="-11.499000"/>
   <element name="foot" layername="foot_2_49" frame="2" z_index="6" m_a="1.000000" m_b="0.000000" m_c="0.000000" m_d="1.062897" m_tx="353.899994" m_ty="-16.349001"/>
  </frame>
  <frame idx="150" w="1027" h="118" x="-36.706238" y="4.220848">
   <element name="foot" layername="foot" frame="0" z_index="2" m_a="-1.000000" m_b="0.000000" m_c="0.000000" m_d="1.000000" m_tx="-319.812500" m_ty="-10.049000"/>
   <element name="foot" layername="foot" frame="0" z_index="4" m_a="1.000000" m_b="0.000000" m_c="0.000000" m_d="1.000000" m_tx="-332.111511" m_ty="-10.049000"/>
   <element name="foot" layername="foot_3_22" frame="3" z_index="1" m_a="1.000000" m_b="0.000000" m_c="0.000000" m_d="1.000000" m_tx="-6.699000" m_ty="-11.699000"/>
   <element name="foot" layername="foot_3_24" frame="3" z_index="3" m_a="-1.000000" m_b="0.000000" m_c="0.000000" m_d="1.000000" m_tx="4.900000" m_ty="-11.299000"/>
   <element name="foot" layername="foot" frame="1" z_index="5" m_a="1.000000" m_b="0.000000" m_c="0.000000" m_d="1.062897" m_tx="346.700989" m_ty="-11.499000"/>
   <element name="foot" layername="foot_2_49" frame="2" z_index="6" m_a="1.000000" m_b="0.000000" m_c="0.000000" m_d="1.062897" m_tx="353.899994" m_ty="-16.349001"/>
  </frame>
  <frame idx="175" w="1027" h="118" x="-36.706238" y="4.220848">
   <element name="foot" layername="foot" frame="0" z_index="2" m_a="-1.000000" m_b="0.000000" m_c="0.000000" m_d="1.000000" m_tx="-319.812500" m_ty="-10.049000"/>
   <element name="foot" layername="foot" frame="0" z_index="4" m_a="1.000000" m_b="0.000000" m_c="0.000000" m_d="1.000000" m_tx="-332.111511" m_ty="-10.049000"/>
   <element name="foot" layername="foot_3_22" frame="3" z_index="1" m_a="1.000000" m_b="0.000000" m_c="0.000000" m_d="1.000000" m_tx="-6.699000" m_ty="-11.699000"/>
   <element name="foot" layername="foot_3_24" frame="3" z_index="3" m_a="-1.000000" m_b="0.000000" m_c="0.000000" m_d="1.000000" m_tx="4.900000" m_ty="-11.299000"/>
   <element name="foot" layername="foot" frame="1" z_index="5" m_a="1.000000" m_b="0.000000" m_c="0.000000" m_d="1.062897" m_tx="346.700989" m_ty="-11.499000"/>
   <element name="foot" layername="foot_2_49" frame="2" z_index="6" m_a="1.000000" m_b="0.000000" m_c="0.000000" m_d="1.062897" m_tx="353.899994" m_ty="-16.349001"/>
  </frame>
  <frame idx="200" w="1027" h="118" x="-36.706238" y="4.220848">
   <element name="foot" layername="foot" frame="0" z_index="2" m_a="-1.000000" m_b="0.000000" m_c="0.000000" m_d="1.000000" m_tx="-319.812500" m_ty="-10.049000"/>
   <element name="foot" layername="foot" frame="0" z_index="4" m_a="1.000000" m_b="0.000000" m_c="0.000000" m_d="1.000000" m_tx="-332.111511" m_ty="-10.049000"/>
   <element name="foot" layername="foot_3_22" frame="3" z_index="1" m_a="1.000000" m_b="0.000000" m_c="0.000000" m_d="1.000000" m_tx="-6.699000" m_ty="-11.699000"/>
   <element name="foot" layername="foot_3_24" frame="3" z_index="3" m_a="-1.000000" m_b="0.000000" m_c="0.000000" m_d="1.000000" m_tx="4.900000" m_ty="-11.299000"/>
   <element name="foot" layername="foot" frame="1" z_index="5" m_a="1.000000" m_b="0.000000" m_c="0.000000" m_d="1.062897" m_tx="346.700989" m_ty="-11.499000"/>
   <element name="foot" layername="foot_2_49" frame="2" z_index="6" m_a="1.000000" m_b="0.000000" m_c="0.000000" m_d="1.062897" m_tx="353.899994" m_ty="-16.349001"/>
  </frame>
  <frame idx="225" w="1027" h="118" x="-36.706238" y="4.220848">
   <element name="foot" layername="foot" frame="0" z_index="2" m_a="-1.000000" m_b="0.000000" m_c="0.000000" m_d="1.000000" m_tx="-319.812500" m_ty="-10.049000"/>
   <element name="foot" layername="foot" frame="0" z_index="4" m_a="1.000000" m_b="0.000000" m_c="0.000000" m_d="1.000000" m_tx="-332.111511" m_ty="-10.049000"/>
   <element name="foot" layername="foot_3_22" frame="3" z_index="1" m_a="1.000000" m_b="0.000000" m_c="0.000000" m_d="1.000000" m_tx="-6.699000" m_ty="-11.699000"/>
   <element name="foot" layername="foot_3_24" frame="3" z_index="3" m_a="-1.000000" m_b="0.000000" m_c="0.000000" m_d="1.000000" m_tx="4.900000" m_ty="-11.299000"/>
   <element name="foot" layername="foot" frame="1" z_index="5" m_a="1.000000" m_b="0.000000" m_c="0.000000" m_d="1.062897" m_tx="346.700989" m_ty="-11.499000"/>
   <element name="foot" layername="foot_2_49" frame="2" z_index="6" m_a="1.000000" m_b="0.000000" m_c="0.000000" m_d="1.062897" m_tx="353.899994" m_ty="-16.349001"/>
  </frame>
  <frame idx="250" w="1027" h="118" x="-36.706238" y="4.220848">
   <element name="foot" layername="foot" frame="0" z_index="2" m_a="-1.000000" m_b="0.000000" m_c="0.000000" m_d="1.000000" m_tx="-319.812500" m_ty="-10.049000"/>
   <element name="foot" layername="foot" frame="0" z_index="4" m_a="1.000000" m_b="0.000000" m_c="0.000000" m_d="1.000000" m_tx="-332.111511" m_ty="-10.049000"/>
   <element name="foot" layername="foot_3_22" frame="3" z_index="1" m_a="1.000000" m_b="0.000000" m_c="0.000000" m_d="1.000000" m_tx="-6.699000" m_ty="-11.699000"/>
   <element name="foot" layername="foot_3_24" frame="3" z_index="3" m_a="-1.000000" m_b="0.000000" m_c="0.000000" m_d="1.000000" m_tx="4.900000" m_ty="-11.299000"/>
   <element name="foot" layername="foot" frame="1" z_index="5" m_a="1.000000" m_b="0.000000" m_c="0.000000" m_d="1.062897" m_tx="346.700989" m_ty="-11.499000"/>
   <element name="foot" layername="foot_2_49" frame="2" z_index="6" m_a="1.000000" m_b="0.000000" m_c="0.000000" m_d="1.062897" m_tx="353.899994" m_ty="-16.349001"/>
  </frame>
  <frame idx="275" w="1027" h="118" x="-36.706238" y="4.220848">
   <element name="foot" layername="foot" frame="0" z_index="2" m_a="-1.000000" m_b="0.000000" m_c="0.000000" m_d="1.000000" m_tx="-319.812500" m_ty="-10.049000"/>
   <element name="foot" layername="foot" frame="0" z_index="4" m_a="1.000000" m_b="0.000000" m_c="0.000000" m_d="1.000000" m_tx="-332.111511" m_ty="-10.049000"/>
   <element name="foot" layername="foot_3_22" frame="3" z_index="1" m_a="1.000000" m_b="0.000000" m_c="0.000000" m_d="1.000000" m_tx="-6.699000" m_ty="-11.699000"/>
   <element name="foot" layername="foot_3_24" frame="3" z_index="3" m_a="-1.000000" m_b="0.000000" m_c="0.000000" m_d="1.000000" m_tx="4.900000" m_ty="-11.299000"/>
   <element name="foot" layername="foot" frame="1" z_index="5" m_a="1.000000" m_b="0.000000" m_c="0.000000" m_d="1.062897" m_tx="346.700989" m_ty="-11.499000"/>
   <element name="foot" layername="foot_2_49" frame="2" z_index="6" m_a="1.000000" m_b="0.000000" m_c="0.000000" m_d="1.062897" m_tx="353.899994" m_ty="-16.349001"/>
  </frame>
  <frame idx="300" w="1027" h="118" x="-36.706238" y="4.220848">
   <element name="foot" layername="foot" frame="0" z_index="2" m_a="-1.000000" m_b="0.000000" m_c="0.000000" m_d="1.000000" m_tx="-319.812500" m_ty="-10.049000"/>
   <element name="foot" layername="foot" frame="0" z_index="4" m_a="1.000000" m_b="0.000000" m_c="0.000000" m_d="1.000000" m_tx="-332.111511" m_ty="-10.049000"/>
   <element name="foot" layername="foot_3_22" frame="3" z_index="1" m_a="1.000000" m_b="0.000000" m_c="0.000000" m_d="1.000000" m_tx="-6.699000" m_ty="-11.699000"/>
   <element name="foot" layername="foot_3_24" frame="3" z_index="3" m_a="-1.000000" m_b="0.000000" m_c="0.000000" m_d="1.000000" m_tx="4.900000" m_ty="-11.299000"/>
   <element name="foot" layername="foot" frame="1" z_index="5" m_a="1.000000" m_b="0.000000" m_c="0.000000" m_d="1.062897" m_tx="346.700989" m_ty="-11.499000"/>
   <element name="foot" layername="foot_2_49" frame="2" z_index="6" m_a="1.000000" m_b="0.000000" m_c="0.000000" m_d="1.062897" m_tx="353.899994" m_ty="-16.349001"/>
  </frame>
  <frame idx="325" w="1027" h="118" x="-36.706238" y="4.220848">
   <element name="foot" layername="foot" frame="0" z_index="2" m_a="-1.000000" m_b="0.000000" m_c="0.000000" m_d="1.000000" m_tx="-319.812500" m_ty="-10.049000"/>
   <element name="foot" layername="foot" frame="0" z_index="4" m_a="1.000000" m_b="0.000000" m_c="0.000000" m_d="1.000000" m_tx="-332.111511" m_ty="-10.049000"/>
   <element name="foot" layername="foot_3_22" frame="3" z_index="1" m_a="1.000000" m_b="0.000000" m_c="0.000000" m_d="1.000000" m_tx="-6.699000" m_ty="-11.699000"/>
   <element name="foot" layername="foot_3_24" frame="3" z_index="3" m_a="-1.000000" m_b="0.000000" m_c="0.000000" m_d="1.000000" m_tx="4.900000" m_ty="-11.299000"/>
   <element name="foot" layername="foot" frame="1" z_index="5" m_a="1.000000" m_b="0.000000" m_c="0.000000" m_d="1.062897" m_tx="346.700989" m_ty="-11.499000"/>
   <element name="foot" layername="foot_2_49" frame="2" z_index="6" m_a="1.000000" m_b="0.000000" m_c="0.000000" m_d="1.062897" m_tx="353.899994" m_ty="-16.349001"/>
  </frame>
  <frame idx="350" w="1027" h="118" x="-36.706238" y="4.220848">
   <element name="foot" layername="foot" frame="0" z_index="2" m_a="-1.000000" m_b="0.000000" m_c="0.000000" m_d="1.000000" m_tx="-319.812500" m_ty="-10.049000"/>
   <element name="foot" layername="foot" frame="0" z_index="4" m_a="1.000000" m_b="0.000000" m_c="0.000000" m_d="1.000000" m_tx="-332.111511" m_ty="-10.049000"/>
   <element name="foot" layername="foot_3_22" frame="3" z_index="1" m_a="1.000000" m_b="0.000000" m_c="0.000000" m_d="1.000000" m_tx="-6.699000" m_ty="-11.699000"/>
   <element name="foot" layername="foot_3_24" frame="3" z_index="3" m_a="-1.000000" m_b="0.000000" m_c="0.000000" m_d="1.000000" m_tx="4.900000" m_ty="-11.299000"/>
   <element name="foot" layername="foot" frame="1" z_index="5" m_a="1.000000" m_b="0.000000" m_c="0.000000" m_d="1.062897" m_tx="346.700989" m_ty="-11.499000"/>
   <element name="foot" layername="foot_2_49" frame="2" z_index="6" m_a="1.000000" m_b="0.000000" m_c="0.000000" m_d="1.062897" m_tx="353.899994" m_ty="-16.349001"/>
  </frame>
  <frame idx="375" w="1027" h="118" x="-36.706238" y="4.220848">
   <element name="foot" layername="foot" frame="0" z_index="2" m_a="-1.000000" m_b="0.000000" m_c="0.000000" m_d="1.000000" m_tx="-319.812500" m_ty="-10.049000"/>
   <element name="foot" layername="foot" frame="0" z_index="4" m_a="1.000000" m_b="0.000000" m_c="0.000000" m_d="1.000000" m_tx="-332.111511" m_ty="-10.049000"/>
   <element name="foot" layername="foot_3_22" frame="3" z_index="1" m_a="1.000000" m_b="0.000000" m_c="0.000000" m_d="1.000000" m_tx="-6.699000" m_ty="-11.699000"/>
   <element name="foot" layername="foot_3_24" frame="3" z_index="3" m_a="-1.000000" m_b="0.000000" m_c="0.000000" m_d="1.000000" m_tx="4.900000" m_ty="-11.299000"/>
   <element name="foot" layername="foot" frame="1" z_index="5" m_a="1.000000" m_b="0.000000" m_c="0.000000" m_d="1.062897" m_tx="346.700989" m_ty="-11.499000"/>
   <element name="foot" layername="foot_2_49" frame="2" z_index="6" m_a="1.000000" m_b="0.000000" m_c="0.000000" m_d="1.062897" m_tx="353.899994" m_ty="-16.349001"/>
  </frame>
  <frame idx="400" w="1027" h="118" x="-36.706238" y="4.220848">
   <element name="foot" layername="foot" frame="0" z_index="2" m_a="-1.000000" m_b="0.000000" m_c="0.000000" m_d="1.000000" m_tx="-319.812500" m_ty="-10.049000"/>
   <element name="foot" layername="foot" frame="0" z_index="4" m_a="1.000000" m_b="0.000000" m_c="0.000000" m_d="1.000000" m_tx="-332.111511" m_ty="-10.049000"/>
   <element name="foot" layername="foot_3_22" frame="3" z_index="1" m_a="1.000000" m_b="0.000000" m_c="0.000000" m_d="1.000000" m_tx="-6.699000" m_ty="-11.699000"/>
   <element name="foot" layername="foot_3_24" frame="3" z_index="3" m_a="-1.000000" m_b="0.000000" m_c="0.000000" m_d="1.000000" m_tx="4.900000" m_ty="-11.299000"/>
   <element name="foot" layername="foot" frame="1" z_index="5" m_a="1.000000" m_b="0.000000" m_c="0.000000" m_d="1.062897" m_tx="346.700989" m_ty="-11.499000"/>
   <element name="foot" layername="foot_2_49" frame="2" z_index="6" m_a="1.000000" m_b="0.000000" m_c="0.000000" m_d="1.062897" m_tx="353.899994" m_ty="-16.349001"/>
  </frame>
  <frame idx="425" w="1027" h="118" x="-36.706238" y="4.220848">
   <element name="foot" layername="foot" frame="0" z_index="2" m_a="-1.000000" m_b="0.000000" m_c="0.000000" m_d="1.000000" m_tx="-319.812500" m_ty="-10.049000"/>
   <element name="foot" layername="foot" frame="0" z_index="4" m_a="1.000000" m_b="0.000000" m_c="0.000000" m_d="1.000000" m_tx="-332.111511" m_ty="-10.049000"/>
   <element name="foot" layername="foot_3_22" frame="3" z_index="1" m_a="1.000000" m_b="0.000000" m_c="0.000000" m_d="1.000000" m_tx="-6.699000" m_ty="-11.699000"/>
   <element name="foot" layername="foot_3_24" frame="3" z_index="3" m_a="-1.000000" m_b="0.000000" m_c="0.000000" m_d="1.000000" m_tx="4.900000" m_ty="-11.299000"/>
   <element name="foot" layername="foot" frame="1" z_index="5" m_a="1.000000" m_b="0.000000" m_c="0.000000" m_d="1.062897" m_tx="346.700989" m_ty="-11.499000"/>
   <element name="foot" layername="foot_2_49" frame="2" z_index="6" m_a="1.000000" m_b="0.000000" m_c="0.000000" m_d="1.062897" m_tx="353.899994" m_ty="-16.349001"/>
  </frame>
  <frame idx="450" w="1027" h="118" x="-36.706238" y="4.220848">
   <element name="foot" layername="foot" frame="0" z_index="2" m_a="-1.000000" m_b="0.000000" m_c="0.000000" m_d="1.000000" m_tx="-319.812500" m_ty="-10.049000"/>
   <element name="foot" layername="foot" frame="0" z_index="4" m_a="1.000000" m_b="0.000000" m_c="0.000000" m_d="1.000000" m_tx="-332.111511" m_ty="-10.049000"/>
   <element name="foot" layername="foot_3_22" frame="3" z_index="1" m_a="1.000000" m_b="0.000000" m_c="0.000000" m_d="1.000000" m_tx="-6.699000" m_ty="-11.699000"/>
   <element name="foot" layername="foot_3_24" frame="3" z_index="3" m_a="-1.000000" m_b="0.000000" m_c="0.000000" m_d="1.000000" m_tx="4.900000" m_ty="-11.299000"/>
   <element name="foot" layername="foot" frame="1" z_index="5" m_a="1.000000" m_b="0.000000" m_c="0.000000" m_d="1.062897" m_tx="346.700989" m_ty="-11.499000"/>
   <element name="foot" layername="foot_2_49" frame="2" z_index="6" m_a="1.000000" m_b="0.000000" m_c="0.000000" m_d="1.062897" m_tx="353.899994" m_ty="-16.349001"/>
  </frame>
  <frame idx="475" w="1027" h="118" x="-36.706238" y="4.220848">
   <element name="foot" layername="foot" frame="0" z_index="2" m_a="-1.000000" m_b="0.000000" m_c="0.000000" m_d="1.000000" m_tx="-319.812500" m_ty="-10.049000"/>
   <element name="foot" layername="foot" frame="0" z_index="4" m_a="1.000000" m_b="0.000000" m_c="0.000000" m_d="1.000000" m_tx="-332.111511" m_ty="-10.049000"/>
   <element name="foot" layername="foot_3_22" frame="3" z_index="1" m_a="1.000000" m_b="0.000000" m_c="0.000000" m_d="1.000000" m_tx="-6.699000" m_ty="-11.699000"/>
   <element name="foot" layername="foot_3_24" frame="3" z_index="3" m_a="-1.000000" m_b="0.000000" m_c="0.000000" m_d="1.000000" m_tx="4.900000" m_ty="-11.299000"/>
   <element name="foot" layername="foot" frame="1" z_index="5" m_a="1.000000" m_b="0.000000" m_c="0.000000" m_d="1.062897" m_tx="346.700989" m_ty="-11.499000"/>
   <element name="foot" layername="foot_2_49" frame="2" z_index="6" m_a="1.000000" m_b="0.000000" m_c="0.000000" m_d="1.062897" m_tx="353.899994" m_ty="-16.349001"/>
  </frame>
  <frame idx="500" w="1027" h="118" x="-36.706238" y="4.220848">
   <element name="foot" layername="foot" frame="0" z_index="2" m_a="-1.000000" m_b="0.000000" m_c="0.000000" m_d="1.000000" m_tx="-319.812500" m_ty="-10.049000"/>
   <element name="foot" layername="foot" frame="0" z_index="4" m_a="1.000000" m_b="0.000000" m_c="0.000000" m_d="1.000000" m_tx="-332.111511" m_ty="-10.049000"/>
   <element name="foot" layername="foot_3_22" frame="3" z_index="1" m_a="1.000000" m_b="0.000000" m_c="0.000000" m_d="1.000000" m_tx="-6.699000" m_ty="-11.699000"/>
   <element name="foot" layername="foot_3_24" frame="3" z_index="3" m_a="-1.000000" m_b="0.000000" m_c="0.000000" m_d="1.000000" m_tx="4.900000" m_ty="-11.299000"/>
   <element name="foot" layername="foot" frame="1" z_index="5" m_a="1.000000" m_b="0.000000" m_c="0.000000" m_d="1.062897" m_tx="346.700989" m_ty="-11.499000"/>
   <element name="foot" layername="foot_2_49" frame="2" z_index="6" m_a="1.000000" m_b="0.000000" m_c="0.000000" m_d="1.062897" m_tx="353.899994" m_ty="-16.349001"/>
  </frame>
  <frame idx="525" w="1027" h="118" x="-36.706238" y="4.220848">
   <element name="foot" layername="foot" frame="0" z_index="2" m_a="-1.000000" m_b="0.000000" m_c="0.000000" m_d="1.000000" m_tx="-319.812500" m_ty="-10.049000"/>
   <element name="foot" layername="foot" frame="0" z_index="4" m_a="1.000000" m_b="0.000000" m_c="0.000000" m_d="1.000000" m_tx="-332.111511" m_ty="-10.049000"/>
   <element name="foot" layername="foot_3_22" frame="3" z_index="1" m_a="1.000000" m_b="0.000000" m_c="0.000000" m_d="1.000000" m_tx="-6.699000" m_ty="-11.699000"/>
   <element name="foot" layername="foot_3_24" frame="3" z_index="3" m_a="-1.000000" m_b="0.000000" m_c="0.000000" m_d="1.000000" m_tx="4.900000" m_ty="-11.299000"/>
   <element name="foot" layername="foot" frame="1" z_index="5" m_a="1.000000" m_b="0.000000" m_c="0.000000" m_d="1.062897" m_tx="346.700989" m_ty="-11.499000"/>
   <element name="foot" layername="foot_2_49" frame="2" z_index="6" m_a="1.000000" m_b="0.000000" m_c="0.000000" m_d="1.062897" m_tx="353.899994" m_ty="-16.349001"/>
  </frame>
  <frame idx="550" w="1027" h="118" x="-36.706238" y="4.220848">
   <element name="foot" layername="foot" frame="0" z_index="2" m_a="-1.000000" m_b="0.000000" m_c="0.000000" m_d="1.000000" m_tx="-319.812500" m_ty="-10.049000"/>
   <element name="foot" layername="foot" frame="0" z_index="4" m_a="1.000000" m_b="0.000000" m_c="0.000000" m_d="1.000000" m_tx="-332.111511" m_ty="-10.049000"/>
   <element name="foot" layername="foot_3_22" frame="3" z_index="1" m_a="1.000000" m_b="0.000000" m_c="0.000000" m_d="1.000000" m_tx="-6.699000" m_ty="-11.699000"/>
   <element name="foot" layername="foot_3_24" frame="3" z_index="3" m_a="-1.000000" m_b="0.000000" m_c="0.000000" m_d="1.000000" m_tx="4.900000" m_ty="-11.299000"/>
   <element name="foot" layername="foot" frame="1" z_index="5" m_a="1.000000" m_b="0.000000" m_c="0.000000" m_d="1.062897" m_tx="346.700989" m_ty="-11.499000"/>
   <element name="foot" layername="foot_2_49" frame="2" z_index="6" m_a="1.000000" m_b="0.000000" m_c="0.000000" m_d="1.062897" m_tx="353.899994" m_ty="-16.349001"/>
  </frame>
  <frame idx="575" w="1027" h="118" x="-36.706238" y="4.220848">
   <element name="foot" layername="foot" frame="0" z_index="2" m_a="-1.000000" m_b="0.000000" m_c="0.000000" m_d="1.000000" m_tx="-319.812500" m_ty="-10.049000"/>
   <element name="foot" layername="foot" frame="0" z_index="4" m_a="1.000000" m_b="0.000000" m_c="0.000000" m_d="1.000000" m_tx="-332.111511" m_ty="-10.049000"/>
   <element name="foot" layername="foot_3_22" frame="3" z_index="1" m_a="1.000000" m_b="0.000000" m_c="0.000000" m_d="1.000000" m_tx="-6.699000" m_ty="-11.699000"/>
   <element name="foot" layername="foot_3_24" frame="3" z_index="3" m_a="-1.000000" m_b="0.000000" m_c="0.000000" m_d="1.000000" m_tx="4.900000" m_ty="-11.299000"/>
   <element name="foot" layername="foot" frame="1" z_index="5" m_a="1.000000" m_b="0.000000" m_c="0.000000" m_d="1.062897" m_tx="346.700989" m_ty="-11.499000"/>
   <element name="foot" layername="foot_2_49" frame="2" z_index="6" m_a="1.000000" m_b="0.000000" m_c="0.000000" m_d="1.062897" m_tx="353.899994" m_ty="-16.349001"/>
  </frame>
  <frame idx="600" w="1027" h="118" x="-36.706238" y="4.220848">
   <element name="foot" layername="foot" frame="0" z_index="2" m_a="-1.000000" m_b="0.000000" m_c="0.000000" m_d="1.000000" m_tx="-319.812500" m_ty="-10.049000"/>
   <element name="foot" layername="foot" frame="0" z_index="4" m_a="1.000000" m_b="0.000000" m_c="0.000000" m_d="1.000000" m_tx="-332.111511" m_ty="-10.049000"/>
   <element name="foot" layername="foot_3_22" frame="3" z_index="1" m_a="1.000000" m_b="0.000000" m_c="0.000000" m_d="1.000000" m_tx="-6.699000" m_ty="-11.699000"/>
   <element name="foot" layername="foot_3_24" frame="3" z_index="3" m_a="-1.000000" m_b="0.000000" m_c="0.000000" m_d="1.000000" m_tx="4.900000" m_ty="-11.299000"/>
   <element name="foot" layername="foot" frame="1" z_index="5" m_a="1.000000" m_b="0.000000" m_c="0.000000" m_d="1.062897" m_tx="346.700989" m_ty="-11.499000"/>
   <element name="foot" layername="foot_2_49" frame="2" z_index="6" m_a="1.000000" m_b="0.000000" m_c="0.000000" m_d="1.062897" m_tx="353.899994" m_ty="-16.349001"/>
  </frame>
  <frame idx="625" w="1027" h="118" x="-36.706238" y="4.220848">
   <element name="foot" layername="foot" frame="0" z_index="2" m_a="-1.000000" m_b="0.000000" m_c="0.000000" m_d="1.000000" m_tx="-319.812500" m_ty="-10.049000"/>
   <element name="foot" layername="foot" frame="0" z_index="4" m_a="1.000000" m_b="0.000000" m_c="0.000000" m_d="1.000000" m_tx="-332.111511" m_ty="-10.049000"/>
   <element name="foot" layername="foot_3_22" frame="3" z_index="1" m_a="1.000000" m_b="0.000000" m_c="0.000000" m_d="1.000000" m_tx="-6.699000" m_ty="-11.699000"/>
   <element name="foot" layername="foot_3_24" frame="3" z_index="3" m_a="-1.000000" m_b="0.000000" m_c="0.000000" m_d="1.000000" m_tx="4.900000" m_ty="-11.299000"/>
   <element name="foot" layername="foot" frame="1" z_index="5" m_a="1.000000" m_b="0.000000" m_c="0.000000" m_d="1.062897" m_tx="346.700989" m_ty="-11.499000"/>
   <element name="foot" layername="foot_2_49" frame="2" z_index="6" m_a="1.000000" m_b="0.000000" m_c="0.000000" m_d="1.062897" m_tx="353.899994" m_ty="-16.349001"/>
  </frame>
  <frame idx="650" w="1027" h="118" x="-36.706238" y="4.220848">
   <element name="foot" layername="foot" frame="0" z_index="2" m_a="-1.000000" m_b="0.000000" m_c="0.000000" m_d="1.000000" m_tx="-319.812500" m_ty="-10.049000"/>
   <element name="foot" layername="foot" frame="0" z_index="4" m_a="1.000000" m_b="0.000000" m_c="0.000000" m_d="1.000000" m_tx="-332.111511" m_ty="-10.049000"/>
   <element name="foot" layername="foot_3_22" frame="3" z_index="1" m_a="1.000000" m_b="0.000000" m_c="0.000000" m_d="1.000000" m_tx="-6.699000" m_ty="-11.699000"/>
   <element name="foot" layername="foot_3_24" frame="3" z_index="3" m_a="-1.000000" m_b="0.000000" m_c="0.000000" m_d="1.000000" m_tx="4.900000" m_ty="-11.299000"/>
   <element name="foot" layername="foot" frame="1" z_index="5" m_a="1.000000" m_b="0.000000" m_c="0.000000" m_d="1.062897" m_tx="346.700989" m_ty="-11.499000"/>
   <element name="foot" layername="foot_2_49" frame="2" z_index="6" m_a="1.000000" m_b="0.000000" m_c="0.000000" m_d="1.062897" m_tx="353.899994" m_ty="-16.349001"/>
  </frame>
  <frame idx="675" w="1027" h="118" x="-36.706238" y="4.220848">
   <element name="foot" layername="foot" frame="0" z_index="2" m_a="-1.000000" m_b="0.000000" m_c="0.000000" m_d="1.000000" m_tx="-319.812500" m_ty="-10.049000"/>
   <element name="foot" layername="foot" frame="0" z_index="4" m_a="1.000000" m_b="0.000000" m_c="0.000000" m_d="1.000000" m_tx="-332.111511" m_ty="-10.049000"/>
   <element name="foot" layername="foot_3_22" frame="3" z_index="1" m_a="1.000000" m_b="0.000000" m_c="0.000000" m_d="1.000000" m_tx="-6.699000" m_ty="-11.699000"/>
   <element name="foot" layername="foot_3_24" frame="3" z_index="3" m_a="-1.000000" m_b="0.000000" m_c="0.000000" m_d="1.000000" m_tx="4.900000" m_ty="-11.299000"/>
   <element name="foot" layername="foot" frame="1" z_index="5" m_a="1.000000" m_b="0.000000" m_c="0.000000" m_d="1.062897" m_tx="346.700989" m_ty="-11.499000"/>
   <element name="foot" layername="foot_2_49" frame="2" z_index="6" m_a="1.000000" m_b="0.000000" m_c="0.000000" m_d="1.062897" m_tx="353.899994" m_ty="-16.349001"/>
  </frame>
  <frame idx="700" w="1027" h="118" x="-36.706238" y="4.220848">
   <element name="foot" layername="foot" frame="0" z_index="2" m_a="-1.000000" m_b="0.000000" m_c="0.000000" m_d="1.000000" m_tx="-319.812500" m_ty="-10.049000"/>
   <element name="foot" layername="foot" frame="0" z_index="4" m_a="1.000000" m_b="0.000000" m_c="0.000000" m_d="1.000000" m_tx="-332.111511" m_ty="-10.049000"/>
   <element name="foot" layername="foot_3_22" frame="3" z_index="1" m_a="1.000000" m_b="0.000000" m_c="0.000000" m_d="1.000000" m_tx="-6.699000" m_ty="-11.699000"/>
   <element name="foot" layername="foot_3_24" frame="3" z_index="3" m_a="-1.000000" m_b="0.000000" m_c="0.000000" m_d="1.000000" m_tx="4.900000" m_ty="-11.299000"/>
   <element name="foot" layername="foot" frame="1" z_index="5" m_a="1.000000" m_b="0.000000" m_c="0.000000" m_d="1.062897" m_tx="346.700989" m_ty="-11.499000"/>
   <element name="foot" layername="foot_2_49" frame="2" z_index="6" m_a="1.000000" m_b="0.000000" m_c="0.000000" m_d="1.062897" m_tx="353.899994" m_ty="-16.349001"/>
  </frame>
  <frame idx="725" w="1027" h="118" x="-36.706238" y="4.220848">
   <element name="foot" layername="foot" frame="0" z_index="2" m_a="-1.000000" m_b="0.000000" m_c="0.000000" m_d="1.000000" m_tx="-319.812500" m_ty="-10.049000"/>
   <element name="foot" layername="foot" frame="0" z_index="4" m_a="1.000000" m_b="0.000000" m_c="0.000000" m_d="1.000000" m_tx="-332.111511" m_ty="-10.049000"/>
   <element name="foot" layername="foot_3_22" frame="3" z_index="1" m_a="1.000000" m_b="0.000000" m_c="0.000000" m_d="1.000000" m_tx="-6.699000" m_ty="-11.699000"/>
   <element name="foot" layername="foot_3_24" frame="3" z_index="3" m_a="-1.000000" m_b="0.000000" m_c="0.000000" m_d="1.000000" m_tx="4.900000" m_ty="-11.299000"/>
   <element name="foot" layername="foot" frame="1" z_index="5" m_a="1.000000" m_b="0.000000" m_c="0.000000" m_d="1.062897" m_tx="346.700989" m_ty="-11.499000"/>
   <element name="foot" layername="foot_2_49" frame="2" z_index="6" m_a="1.000000" m_b="0.000000" m_c="0.000000" m_d="1.062897" m_tx="353.899994" m_ty="-16.349001"/>
  </frame>
  <frame idx="750" w="1027" h="118" x="-36.706238" y="4.220848">
   <element name="foot" layername="foot" frame="0" z_index="2" m_a="-1.000000" m_b="0.000000" m_c="0.000000" m_d="1.000000" m_tx="-319.812500" m_ty="-10.049000"/>
   <element name="foot" layername="foot" frame="0" z_index="4" m_a="1.000000" m_b="0.000000" m_c="0.000000" m_d="1.000000" m_tx="-332.111511" m_ty="-10.049000"/>
   <element name="foot" layername="foot_3_22" frame="3" z_index="1" m_a="1.000000" m_b="0.000000" m_c="0.000000" m_d="1.000000" m_tx="-6.699000" m_ty="-11.699000"/>
   <element name="foot" layername="foot_3_24" frame="3" z_index="3" m_a="-1.000000" m_b="0.000000" m_c="0.000000" m_d="1.000000" m_tx="4.900000" m_ty="-11.299000"/>
   <element name="foot" layername="foot" frame="1" z_index="5" m_a="1.000000" m_b="0.000000" m_c="0.000000" m_d="1.062897" m_tx="346.700989" m_ty="-11.499000"/>
   <element name="foot" layername="foot_2_49" frame="2" z_index="6" m_a="1.000000" m_b="0.000000" m_c="0.000000" m_d="1.062897" m_tx="353.899994" m_ty="-16.349001"/>
  </frame>
  <frame idx="775" w="1027" h="118" x="-36.706238" y="4.220848">
   <element name="foot" layername="foot" frame="0" z_index="2" m_a="-1.000000" m_b="0.000000" m_c="0.000000" m_d="1.000000" m_tx="-319.812500" m_ty="-10.049000"/>
   <element name="foot" layername="foot" frame="0" z_index="4" m_a="1.000000" m_b="0.000000" m_c="0.000000" m_d="1.000000" m_tx="-332.111511" m_ty="-10.049000"/>
   <element name="foot" layername="foot_3_22" frame="3" z_index="1" m_a="1.000000" m_b="0.000000" m_c="0.000000" m_d="1.000000" m_tx="-6.699000" m_ty="-11.699000"/>
   <element name="foot" layername="foot_3_24" frame="3" z_index="3" m_a="-1.000000" m_b="0.000000" m_c="0.000000" m_d="1.000000" m_tx="4.900000" m_ty="-11.299000"/>
   <element name="foot" layername="foot" frame="1" z_index="5" m_a="1.000000" m_b="0.000000" m_c="0.000000" m_d="1.062897" m_tx="346.700989" m_ty="-11.499000"/>
   <element name="foot" layername="foot_2_49" frame="2" z_index="6" m_a="1.000000" m_b="0.000000" m_c="0.000000" m_d="1.062897" m_tx="353.899994" m_ty="-16.349001"/>
  </frame>
  <frame idx="800" w="1027" h="118" x="-36.706238" y="4.220848">
   <element name="foot" layername="foot" frame="0" z_index="2" m_a="-1.000000" m_b="0.000000" m_c="0.000000" m_d="1.000000" m_tx="-319.812500" m_ty="-10.049000"/>
   <element name="foot" layername="foot" frame="0" z_index="4" m_a="1.000000" m_b="0.000000" m_c="0.000000" m_d="1.000000" m_tx="-332.111511" m_ty="-10.049000"/>
   <element name="foot" layername="foot_3_22" frame="3" z_index="1" m_a="1.000000" m_b="0.000000" m_c="0.000000" m_d="1.000000" m_tx="-6.699000" m_ty="-11.699000"/>
   <element name="foot" layername="foot_3_24" frame="3" z_index="3" m_a="-1.000000" m_b="0.000000" m_c="0.000000" m_d="1.000000" m_tx="4.900000" m_ty="-11.299000"/>
   <element name="foot" layername="foot" frame="1" z_index="5" m_a="1.000000" m_b="0.000000" m_c="0.000000" m_d="1.062897" m_tx="346.700989" m_ty="-11.499000"/>
   <element name="foot" layername="foot_2_49" frame="2" z_index="6" m_a="1.000000" m_b="0.000000" m_c="0.000000" m_d="1.062897" m_tx="353.899994" m_ty="-16.349001"/>
  </frame>
  <frame idx="825" w="1027" h="118" x="-36.706238" y="4.220848">
   <element name="foot" layername="foot" frame="0" z_index="2" m_a="-1.000000" m_b="0.000000" m_c="0.000000" m_d="1.000000" m_tx="-319.812500" m_ty="-10.049000"/>
   <element name="foot" layername="foot" frame="0" z_index="4" m_a="1.000000" m_b="0.000000" m_c="0.000000" m_d="1.000000" m_tx="-332.111511" m_ty="-10.049000"/>
   <element name="foot" layername="foot_3_22" frame="3" z_index="1" m_a="1.000000" m_b="0.000000" m_c="0.000000" m_d="1.000000" m_tx="-6.699000" m_ty="-11.699000"/>
   <element name="foot" layername="foot_3_24" frame="3" z_index="3" m_a="-1.000000" m_b="0.000000" m_c="0.000000" m_d="1.000000" m_tx="4.900000" m_ty="-11.299000"/>
   <element name="foot" layername="foot" frame="1" z_index="5" m_a="1.000000" m_b="0.000000" m_c="0.000000" m_d="1.062897" m_tx="346.700989" m_ty="-11.499000"/>
   <element name="foot" layername="foot_2_49" frame="2" z_index="6" m_a="1.000000" m_b="0.000000" m_c="0.000000" m_d="1.062897" m_tx="353.899994" m_ty="-16.349001"/>
  </frame>
  <frame idx="850" w="1027" h="118" x="-36.706238" y="4.220848">
   <element name="foot" layername="foot" frame="0" z_index="2" m_a="-1.000000" m_b="0.000000" m_c="0.000000" m_d="1.000000" m_tx="-319.812500" m_ty="-10.049000"/>
   <element name="foot" layername="foot" frame="0" z_index="4" m_a="1.000000" m_b="0.000000" m_c="0.000000" m_d="1.000000" m_tx="-332.111511" m_ty="-10.049000"/>
   <element name="foot" layername="foot_3_22" frame="3" z_index="1" m_a="1.000000" m_b="0.000000" m_c="0.000000" m_d="1.000000" m_tx="-6.699000" m_ty="-11.699000"/>
   <element name="foot" layername="foot_3_24" frame="3" z_index="3" m_a="-1.000000" m_b="0.000000" m_c="0.000000" m_d="1.000000" m_tx="4.900000" m_ty="-11.299000"/>
   <element name="foot" layername="foot" frame="1" z_index="5" m_a="1.000000" m_b="0.000000" m_c="0.000000" m_d="1.062897" m_tx="346.700989" m_ty="-11.499000"/>
   <element name="foot" layername="foot_2_49" frame="2" z_index="6" m_a="1.000000" m_b="0.000000" m_c="0.000000" m_d="1.062897" m_tx="353.899994" m_ty="-16.349001"/>
  </frame>
  <frame idx="875" w="1027" h="118" x="-36.706238" y="4.220848">
   <element name="foot" layername="foot" frame="0" z_index="2" m_a="-1.000000" m_b="0.000000" m_c="0.000000" m_d="1.000000" m_tx="-319.812500" m_ty="-10.049000"/>
   <element name="foot" layername="foot" frame="0" z_index="4" m_a="1.000000" m_b="0.000000" m_c="0.000000" m_d="1.000000" m_tx="-332.111511" m_ty="-10.049000"/>
   <element name="foot" layername="foot_3_22" frame="3" z_index="1" m_a="1.000000" m_b="0.000000" m_c="0.000000" m_d="1.000000" m_tx="-6.699000" m_ty="-11.699000"/>
   <element name="foot" layername="foot_3_24" frame="3" z_index="3" m_a="-1.000000" m_b="0.000000" m_c="0.000000" m_d="1.000000" m_tx="4.900000" m_ty="-11.299000"/>
   <element name="foot" layername="foot" frame="1" z_index="5" m_a="1.000000" m_b="0.000000" m_c="0.000000" m_d="1.062897" m_tx="346.700989" m_ty="-11.499000"/>
   <element name="foot" layername="foot_2_49" frame="2" z_index="6" m_a="1.000000" m_b="0.000000" m_c="0.000000" m_d="1.062897" m_tx="353.899994" m_ty="-16.349001"/>
  </frame>
  <frame idx="900" w="1027" h="118" x="-36.706238" y="4.220848">
   <element name="foot" layername="foot" frame="0" z_index="2" m_a="-1.000000" m_b="0.000000" m_c="0.000000" m_d="1.000000" m_tx="-319.812500" m_ty="-10.049000"/>
   <element name="foot" layername="foot" frame="0" z_index="4" m_a="1.000000" m_b="0.000000" m_c="0.000000" m_d="1.000000" m_tx="-332.111511" m_ty="-10.049000"/>
   <element name="foot" layername="foot_3_22" frame="3" z_index="1" m_a="1.000000" m_b="0.000000" m_c="0.000000" m_d="1.000000" m_tx="-6.699000" m_ty="-11.699000"/>
   <element name="foot" layername="foot_3_24" frame="3" z_index="3" m_a="-1.000000" m_b="0.000000" m_c="0.000000" m_d="1.000000" m_tx="4.900000" m_ty="-11.299000"/>
   <element name="foot" layername="foot" frame="1" z_index="5" m_a="1.000000" m_b="0.000000" m_c="0.000000" m_d="1.062897" m_tx="346.700989" m_ty="-11.499000"/>
   <element name="foot" layername="foot_2_49" frame="2" z_index="6" m_a="1.000000" m_b="0.000000" m_c="0.000000" m_d="1.062897" m_tx="353.899994" m_ty="-16.349001"/>
  </frame>
  <frame idx="925" w="1027" h="118" x="-36.706238" y="4.220848">
   <element name="foot" layername="foot" frame="0" z_index="2" m_a="-1.000000" m_b="0.000000" m_c="0.000000" m_d="1.000000" m_tx="-319.812500" m_ty="-10.049000"/>
   <element name="foot" layername="foot" frame="0" z_index="4" m_a="1.000000" m_b="0.000000" m_c="0.000000" m_d="1.000000" m_tx="-332.111511" m_ty="-10.049000"/>
   <element name="foot" layername="foot_3_22" frame="3" z_index="1" m_a="1.000000" m_b="0.000000" m_c="0.000000" m_d="1.000000" m_tx="-6.699000" m_ty="-11.699000"/>
   <element name="foot" layername="foot_3_24" frame="3" z_index="3" m_a="-1.000000" m_b="0.000000" m_c="0.000000" m_d="1.000000" m_tx="4.900000" m_ty="-11.299000"/>
   <element name="foot" layername="foot" frame="1" z_index="5" m_a="1.000000" m_b="0.000000" m_c="0.000000" m_d="1.062897" m_tx="346.700989" m_ty="-11.499000"/>
   <element name="foot" layername="foot_2_49" frame="2" z_index="6" m_a="1.000000" m_b="0.000000" m_c="0.000000" m_d="1.062897" m_tx="353.899994" m_ty="-16.349001"/>
  </frame>
  <frame idx="950" w="1027" h="118" x="-36.706238" y="4.220848">
   <element name="foot" layername="foot" frame="0" z_index="2" m_a="-1.000000" m_b="0.000000" m_c="0.000000" m_d="1.000000" m_tx="-319.812500" m_ty="-10.049000"/>
   <element name="foot" layername="foot" frame="0" z_index="4" m_a="1.000000" m_b="0.000000" m_c="0.000000" m_d="1.000000" m_tx="-332.111511" m_ty="-10.049000"/>
   <element name="foot" layername="foot_3_22" frame="3" z_index="1" m_a="1.000000" m_b="0.000000" m_c="0.000000" m_d="1.000000" m_tx="-6.699000" m_ty="-11.699000"/>
   <element name="foot" layername="foot_3_24" frame="3" z_index="3" m_a="-1.000000" m_b="0.000000" m_c="0.000000" m_d="1.000000" m_tx="4.900000" m_ty="-11.299000"/>
   <element name="foot" layername="foot" frame="1" z_index="5" m_a="1.000000" m_b="0.000000" m_c="0.000000" m_d="1.062897" m_tx="346.700989" m_ty="-11.499000"/>
   <element name="foot" layername="foot_2_49" frame="2" z_index="6" m_a="1.000000" m_b="0.000000" m_c="0.000000" m_d="1.062897" m_tx="353.899994" m_ty="-16.349001"/>
  </frame>
  <frame idx="975" w="1027" h="118" x="-36.706238" y="4.220848">
   <element name="foot" layername="foot" frame="0" z_index="2" m_a="-1.000000" m_b="0.000000" m_c="0.000000" m_d="1.000000" m_tx="-319.812500" m_ty="-10.049000"/>
   <element name="foot" layername="foot" frame="0" z_index="4" m_a="1.000000" m_b="0.000000" m_c="0.000000" m_d="1.000000" m_tx="-332.111511" m_ty="-10.049000"/>
   <element name="foot" layername="foot_3_22" frame="3" z_index="1" m_a="1.000000" m_b="0.000000" m_c="0.000000" m_d="1.000000" m_tx="-6.699000" m_ty="-11.699000"/>
   <element name="foot" layername="foot_3_24" frame="3" z_index="3" m_a="-1.000000" m_b="0.000000" m_c="0.000000" m_d="1.000000" m_tx="4.900000" m_ty="-11.299000"/>
   <element name="foot" layername="foot" frame="1" z_index="5" m_a="1.000000" m_b="0.000000" m_c="0.000000" m_d="1.062897" m_tx="346.700989" m_ty="-11.499000"/>
   <element name="foot" layername="foot_2_49" frame="2" z_index="6" m_a="1.000000" m_b="0.000000" m_c="0.000000" m_d="1.062897" m_tx="353.899994" m_ty="-16.349001"/>
  </frame>
 </anim>
</Anims>
