<Anims>
 <anim name="death" root="scrapbase" numframes="150" framerate="40">
  <frame idx="0" w="498" h="315" x="18.849823" y="-53.250031">
   <element name="houndbase01" layername="houndbas" frame="5" z_index="36" m_a="1.000000" m_b="0.000000" m_c="0.000000" m_d="1.000000" m_tx="0.000000" m_ty="0.000000"/>
  </frame>
  <frame idx="25" w="498" h="315" x="18.849823" y="-53.250031">
   <element name="houndbase01" layername="houndbas" frame="5" z_index="36" m_a="1.000000" m_b="0.000000" m_c="0.000000" m_d="1.000000" m_tx="0.000000" m_ty="0.000000"/>
  </frame>
  <frame idx="50" w="498" h="315" x="18.849823" y="-53.250031">
   <element name="houndbase01" layername="houndbas" frame="5" z_index="36" m_a="1.000000" m_b="0.000000" m_c="0.000000" m_d="1.000000" m_tx="0.000000" m_ty="0.000000"/>
  </frame>
  <frame idx="75" w="498" h="315" x="18.849823" y="-53.250031">
   <element name="houndbase01" layername="houndbas" frame="5" z_index="36" m_a="1.000000" m_b="0.000000" m_c="0.000000" m_d="1.000000" m_tx="0.000000" m_ty="0.000000"/>
  </frame>
  <frame idx="100" w="498" h="315" x="18.849823" y="-53.250031">
   <element name="houndbase01" layername="houndbas" frame="5" z_index="36" m_a="1.000000" m_b="0.000000" m_c="0.000000" m_d="1.000000" m_tx="0.000000" m_ty="0.000000"/>
  </frame>
  <frame idx="125" w="498" h="315" x="18.849823" y="-53.250031">
   <element name="houndbase01" layername="houndbas" frame="5" z_index="36" m_a="1.000000" m_b="0.000000" m_c="0.000000" m_d="1.000000" m_tx="0.000000" m_ty="0.000000"/>
  </frame>
 </anim>
 <anim name="frozen" root="scrapbase" numframes="150" framerate="40">
  <frame idx="0" w="626" h="706" x="-31.162720" y="-158.037521">
   <element name="topbits" layername="topbits" frame="3" z_index="32" m_a="0.967269" m_b="-0.076720" m_c="0.073899" m_d="0.931703" m_tx="105.099998" m_ty="17.150000"/>
   <element name="topbits" layername="topbits" frame="2" z_index="33" m_a="0.035540" m_b="0.842689" m_c="-0.842690" m_d="0.035540" m_tx="106.150002" m_ty="-276.149994"/>
   <element name="topbits" layername="topbits_2" frame="1" z_index="34" m_a="0.777507" m_b="0.000000" m_c="0.000000" m_d="0.764781" m_tx="-50.299999" m_ty="-186.649994"/>
   <element name="topbits" layername="topbits_3" frame="0" z_index="35" m_a="0.864817" m_b="0.185495" m_c="-0.187923" m_d="0.876135" m_tx="-122.250000" m_ty="-14.050000"/>
   <element name="houndbase01" layername="houndbas" frame="0" z_index="36" m_a="1.000000" m_b="0.000000" m_c="0.000000" m_d="1.000000" m_tx="0.000000" m_ty="0.000000"/>
  </frame>
  <frame idx="25" w="626" h="706" x="-31.162720" y="-158.037521">
   <element name="topbits" layername="topbits" frame="3" z_index="32" m_a="0.967269" m_b="-0.076720" m_c="0.073899" m_d="0.931703" m_tx="105.099998" m_ty="17.150000"/>
   <element name="topbits" layername="topbits" frame="2" z_index="33" m_a="0.035540" m_b="0.842689" m_c="-0.842690" m_d="0.035540" m_tx="106.150002" m_ty="-276.149994"/>
   <element name="topbits" layername="topbits_2" frame="1" z_index="34" m_a="0.777507" m_b="0.000000" m_c="0.000000" m_d="0.764781" m_tx="-50.299999" m_ty="-186.649994"/>
   <element name="topbits" layername="topbits_3" frame="0" z_index="35" m_a="0.864817" m_b="0.185495" m_c="-0.187923" m_d="0.876135" m_tx="-122.250000" m_ty="-14.050000"/>
   <element name="houndbase01" layername="houndbas" frame="0" z_index="36" m_a="1.000000" m_b="0.000000" m_c="0.000000" m_d="1.000000" m_tx="0.000000" m_ty="0.000000"/>
  </frame>
  <frame idx="50" w="626" h="706" x="-31.162720" y="-158.037521">
   <element name="topbits" layername="topbits" frame="3" z_index="32" m_a="0.967269" m_b="-0.076720" m_c="0.073899" m_d="0.931703" m_tx="105.099998" m_ty="17.150000"/>
   <element name="topbits" layername="topbits" frame="2" z_index="33" m_a="0.035540" m_b="0.842689" m_c="-0.842690" m_d="0.035540" m_tx="106.150002" m_ty="-276.149994"/>
   <element name="topbits" layername="topbits_2" frame="1" z_index="34" m_a="0.777507" m_b="0.000000" m_c="0.000000" m_d="0.764781" m_tx="-50.299999" m_ty="-186.649994"/>
   <element name="topbits" layername="topbits_3" frame="0" z_index="35" m_a="0.864817" m_b="0.185495" m_c="-0.187923" m_d="0.876135" m_tx="-122.250000" m_ty="-14.050000"/>
   <element name="houndbase01" layername="houndbas" frame="0" z_index="36" m_a="1.000000" m_b="0.000000" m_c="0.000000" m_d="1.000000" m_tx="0.000000" m_ty="0.000000"/>
  </frame>
  <frame idx="75" w="626" h="706" x="-31.162720" y="-158.037521">
   <element name="topbits" layername="topbits" frame="3" z_index="32" m_a="0.967269" m_b="-0.076720" m_c="0.073899" m_d="0.931703" m_tx="105.099998" m_ty="17.150000"/>
   <element name="topbits" layername="topbits" frame="2" z_index="33" m_a="0.035540" m_b="0.842689" m_c="-0.842690" m_d="0.035540" m_tx="106.150002" m_ty="-276.149994"/>
   <element name="topbits" layername="topbits_2" frame="1" z_index="34" m_a="0.777507" m_b="0.000000" m_c="0.000000" m_d="0.764781" m_tx="-50.299999" m_ty="-186.649994"/>
   <element name="topbits" layername="topbits_3" frame="0" z_index="35" m_a="0.864817" m_b="0.185495" m_c="-0.187923" m_d="0.876135" m_tx="-122.250000" m_ty="-14.050000"/>
   <element name="houndbase01" layername="houndbas" frame="0" z_index="36" m_a="1.000000" m_b="0.000000" m_c="0.000000" m_d="1.000000" m_tx="0.000000" m_ty="0.000000"/>
  </frame>
  <frame idx="100" w="626" h="706" x="-31.162720" y="-158.037521">
   <element name="topbits" layername="topbits" frame="3" z_index="32" m_a="0.967269" m_b="-0.076720" m_c="0.073899" m_d="0.931703" m_tx="105.099998" m_ty="17.150000"/>
   <element name="topbits" layername="topbits" frame="2" z_index="33" m_a="0.035540" m_b="0.842689" m_c="-0.842690" m_d="0.035540" m_tx="106.150002" m_ty="-276.149994"/>
   <element name="topbits" layername="topbits_2" frame="1" z_index="34" m_a="0.777507" m_b="0.000000" m_c="0.000000" m_d="0.764781" m_tx="-50.299999" m_ty="-186.649994"/>
   <element name="topbits" layername="topbits_3" frame="0" z_index="35" m_a="0.864817" m_b="0.185495" m_c="-0.187923" m_d="0.876135" m_tx="-122.250000" m_ty="-14.050000"/>
   <element name="houndbase01" layername="houndbas" frame="0" z_index="36" m_a="1.000000" m_b="0.000000" m_c="0.000000" m_d="1.000000" m_tx="0.000000" m_ty="0.000000"/>
  </frame>
  <frame idx="125" w="626" h="706" x="-31.162720" y="-158.037521">
   <element name="topbits" layername="topbits" frame="3" z_index="32" m_a="0.967269" m_b="-0.076720" m_c="0.073899" m_d="0.931703" m_tx="105.099998" m_ty="17.150000"/>
   <element name="topbits" layername="topbits" frame="2" z_index="33" m_a="0.035540" m_b="0.842689" m_c="-0.842690" m_d="0.035540" m_tx="106.150002" m_ty="-276.149994"/>
   <element name="topbits" layername="topbits_2" frame="1" z_index="34" m_a="0.777507" m_b="0.000000" m_c="0.000000" m_d="0.764781" m_tx="-50.299999" m_ty="-186.649994"/>
   <element name="topbits" layername="topbits_3" frame="0" z_index="35" m_a="0.864817" m_b="0.185495" m_c="-0.187923" m_d="0.876135" m_tx="-122.250000" m_ty="-14.050000"/>
   <element name="houndbase01" layername="houndbas" frame="0" z_index="36" m_a="1.000000" m_b="0.000000" m_c="0.000000" m_d="1.000000" m_tx="0.000000" m_ty="0.000000"/>
  </frame>
 </anim>
 <anim name="frozen_loop_pst" root="scrapbase" numframes="200" framerate="40">
  <frame idx="0" w="646" h="704" x="-35.766266" y="-159.064301">
   <element name="topbits" layername="topbits" frame="3" z_index="32" m_a="0.957004" m_b="-0.115625" m_c="0.113216" m_d="0.937066" m_tx="95.500000" m_ty="17.150000"/>
   <element name="topbits" layername="topbits" frame="2" z_index="33" m_a="0.037033" m_b="0.878088" m_c="-0.808762" m_d="0.034110" m_tx="72.199997" m_ty="-276.149994"/>
   <element name="topbits" layername="topbits_2" frame="1" z_index="34" m_a="0.747090" m_b="0.000000" m_c="0.000000" m_d="0.796096" m_tx="-76.849998" m_ty="-186.649994"/>
   <element name="topbits" layername="topbits_3" frame="0" z_index="35" m_a="0.891361" m_b="0.191188" m_c="-0.182636" m_d="0.851488" m_tx="-134.449997" m_ty="-14.050000"/>
   <element name="houndbase01" layername="houndbas" frame="0" z_index="36" m_a="0.999145" m_b="-0.041337" m_c="0.041478" m_d="1.002572" m_tx="-11.050000" m_ty="0.000000"/>
  </frame>
  <frame idx="25" w="627" h="706" x="-31.364838" y="-158.032532">
   <element name="topbits" layername="topbits" frame="3" z_index="32" m_a="0.966888" m_b="-0.078235" m_c="0.075483" m_d="0.932879" m_tx="104.691177" m_ty="17.150000"/>
   <element name="topbits" layername="topbits" frame="2" z_index="33" m_a="0.035609" m_b="0.844311" m_c="-0.841551" m_d="0.035492" m_tx="104.736755" m_ty="-276.149994"/>
   <element name="topbits" layername="topbits_2" frame="1" z_index="34" m_a="0.776357" m_b="0.000000" m_c="0.000000" m_d="0.766375" m_tx="-51.408821" m_ty="-186.649994"/>
   <element name="topbits" layername="topbits_3" frame="0" z_index="35" m_a="0.865926" m_b="0.185733" m_c="-0.187841" m_d="0.875752" m_tx="-122.758827" m_ty="-14.050000"/>
   <element name="houndbase01" layername="houndbas" frame="0" z_index="36" m_a="0.999999" m_b="-0.001680" m_c="0.001682" m_d="1.001142" m_tx="-0.461765" m_ty="0.000000"/>
  </frame>
  <frame idx="50" w="631" h="706" x="-32.048279" y="-158.242615">
   <element name="topbits" layername="topbits" frame="3" z_index="32" m_a="0.965283" m_b="-0.083642" m_c="0.080893" m_d="0.933558" m_tx="103.151512" m_ty="17.174242"/>
   <element name="topbits" layername="topbits" frame="2" z_index="33" m_a="0.035818" m_b="0.849282" m_c="-0.835424" m_d="0.035234" m_tx="99.286362" m_ty="-276.149994"/>
   <element name="topbits" layername="topbits_2" frame="1" z_index="34" m_a="0.770873" m_b="0.000000" m_c="0.000000" m_d="0.770740" m_tx="-55.704544" m_ty="-186.649994"/>
   <element name="topbits" layername="topbits_3" frame="0" z_index="35" m_a="0.869679" m_b="0.186538" m_c="-0.186870" m_d="0.871227" m_tx="-124.683334" m_ty="-14.025758"/>
   <element name="houndbase01" layername="houndbas" frame="0" z_index="36" m_a="0.999965" m_b="-0.008320" m_c="0.008332" m_d="1.001400" m_tx="-2.225758" m_ty="0.000000"/>
  </frame>
  <frame idx="75" w="637" h="706" x="-33.556885" y="-158.670776">
   <element name="topbits" layername="topbits" frame="3" z_index="32" m_a="0.961728" m_b="-0.096574" m_c="0.093896" m_d="0.935066" m_tx="99.806061" m_ty="17.175758"/>
   <element name="topbits" layername="topbits" frame="2" z_index="33" m_a="0.036305" m_b="0.860808" m_c="-0.822839" m_d="0.034703" m_tx="87.474243" m_ty="-276.125763"/>
   <element name="topbits" layername="topbits_2" frame="1" z_index="34" m_a="0.759632" m_b="0.000000" m_c="0.000000" m_d="0.780884" m_tx="-64.957573" m_ty="-186.662109"/>
   <element name="topbits" layername="topbits_3" frame="0" z_index="35" m_a="0.878362" m_b="0.188401" m_c="-0.184871" m_d="0.861906" m_tx="-128.909088" m_ty="-14.012121"/>
   <element name="houndbase01" layername="houndbas" frame="0" z_index="36" m_a="0.999735" m_b="-0.023030" m_c="0.023082" m_d="1.001949" m_tx="-6.065151" m_ty="0.000000"/>
  </frame>
  <frame idx="100" w="626" h="706" x="-30.698456" y="-158.078049">
   <element name="topbits" layername="topbits" frame="3" z_index="32" m_a="0.967504" m_b="-0.074253" m_c="0.071548" m_d="0.932256" m_tx="105.449997" m_ty="17.100000"/>
   <element name="topbits" layername="topbits" frame="2" z_index="33" m_a="0.035425" m_b="0.839949" m_c="-0.843051" m_d="0.035556" m_tx="107.550003" m_ty="-276.049988"/>
   <element name="topbits" layername="topbits_2" frame="1" z_index="34" m_a="0.777697" m_b="0.000000" m_c="0.000000" m_d="0.762565" m_tx="-49.200001" m_ty="-186.699997"/>
   <element name="topbits" layername="topbits_3" frame="0" z_index="35" m_a="0.862640" m_b="0.185028" m_c="-0.188067" m_d="0.876808" m_tx="-121.750000" m_ty="-14.050000"/>
   <element name="houndbase01" layername="houndbas" frame="0" z_index="36" m_a="1.000000" m_b="0.000453" m_c="-0.000454" m_d="1.000950" m_tx="0.450000" m_ty="0.000000"/>
  </frame>
  <frame idx="125" w="633" h="706" x="-32.648804" y="-158.486008">
   <element name="topbits" layername="topbits" frame="3" z_index="32" m_a="0.963765" m_b="-0.089500" m_c="0.086740" m_d="0.934047" m_tx="101.810295" m_ty="17.136765"/>
   <element name="topbits" layername="topbits" frame="2" z_index="33" m_a="0.035994" m_b="0.853447" m_c="-0.829977" m_d="0.035004" m_tx="94.535294" m_ty="-276.123535"/>
   <element name="topbits" layername="topbits_2" frame="1" z_index="34" m_a="0.766012" m_b="0.000000" m_c="0.000000" m_d="0.774402" m_tx="-59.383823" m_ty="-186.699997"/>
   <element name="topbits" layername="topbits_3" frame="0" z_index="35" m_a="0.872816" m_b="0.187211" m_c="-0.185999" m_d="0.867166" m_tx="-126.419121" m_ty="-14.050000"/>
   <element name="houndbase01" layername="houndbas" frame="0" z_index="36" m_a="0.999897" m_b="-0.014343" m_c="0.014369" m_d="1.001663" m_tx="-3.777941" m_ty="0.000000"/>
  </frame>
  <frame idx="150" w="633" h="706" x="-32.746094" y="-158.474289">
   <element name="topbits" layername="topbits" frame="3" z_index="32" m_a="0.963638" m_b="-0.089966" m_c="0.087208" m_d="0.934099" m_tx="101.712120" m_ty="17.125757"/>
   <element name="topbits" layername="topbits" frame="2" z_index="33" m_a="0.036011" m_b="0.853858" m_c="-0.829576" m_d="0.034987" m_tx="94.189392" m_ty="-276.149994"/>
   <element name="topbits" layername="topbits_2" frame="1" z_index="34" m_a="0.765661" m_b="0.000000" m_c="0.000000" m_d="0.774764" m_tx="-59.656059" m_ty="-186.675751"/>
   <element name="topbits" layername="topbits_3" frame="0" z_index="35" m_a="0.873129" m_b="0.187278" m_c="-0.185935" m_d="0.866870" m_tx="-126.524246" m_ty="-14.025758"/>
   <element name="houndbase01" layername="houndbas" frame="0" z_index="36" m_a="0.999896" m_b="-0.014396" m_c="0.014422" m_d="1.001699" m_tx="-3.893939" m_ty="0.000000"/>
  </frame>
  <frame idx="175" w="631" h="706" x="-32.126099" y="-158.305786">
   <element name="topbits" layername="topbits" frame="3" z_index="32" m_a="0.964966" m_b="-0.084643" m_c="0.081883" m_d="0.933505" m_tx="103.000000" m_ty="17.100000"/>
   <element name="topbits" layername="topbits" frame="2" z_index="33" m_a="0.035812" m_b="0.849132" m_c="-0.834150" m_d="0.035180" m_tx="98.800003" m_ty="-276.149994"/>
   <element name="topbits" layername="topbits_2" frame="1" z_index="34" m_a="0.769758" m_b="0.000000" m_c="0.000000" m_d="0.770621" m_tx="-56.049999" m_ty="-186.649994"/>
   <element name="topbits" layername="topbits_3" frame="0" z_index="35" m_a="0.869568" m_b="0.186514" m_c="-0.186659" m_d="0.870244" m_tx="-124.849998" m_ty="-14.000000"/>
   <element name="houndbase01" layername="houndbas" frame="0" z_index="36" m_a="0.999961" m_b="-0.008791" m_c="0.008805" m_d="1.001491" m_tx="-2.400000" m_ty="0.000000"/>
  </frame>
 </anim>
 <anim name="hit" root="scrapbase" numframes="325" framerate="40">
  <frame idx="0" w="631" h="728" x="-23.220428" y="-166.106628">
   <element name="topbits" layername="topbits" frame="3" z_index="32" m_a="0.962904" m_b="-0.114611" m_c="0.110398" m_d="0.927507" m_tx="97.099998" m_ty="11.149900"/>
   <element name="topbits" layername="topbits" frame="2" z_index="33" m_a="0.035486" m_b="0.841388" m_c="-0.841380" m_d="0.035485" m_tx="92.150299" m_ty="-284.149994"/>
   <element name="topbits" layername="topbits_2" frame="1" z_index="34" m_a="0.776620" m_b="0.000000" m_c="0.000000" m_d="0.763936" m_tx="-58.299999" m_ty="-200.649994"/>
   <element name="topbits" layername="topbits_3" frame="0" z_index="35" m_a="0.864156" m_b="0.185349" m_c="-0.187777" m_d="0.875479" m_tx="-120.250000" m_ty="-16.050100"/>
   <element name="houndbase01" layername="houndbas" frame="0" z_index="36" m_a="0.998485" m_b="-0.055030" m_c="0.055365" m_d="1.004565" m_tx="-3.649930" m_ty="0.000000"/>
  </frame>
  <frame idx="25" w="629" h="736" x="-26.818787" y="-170.144867">
   <element name="topbits" layername="topbits" frame="3" z_index="32" m_a="0.959490" m_b="-0.140979" m_c="0.135796" m_d="0.924218" m_tx="97.099998" m_ty="8.944069"/>
   <element name="topbits" layername="topbits" frame="2" z_index="33" m_a="0.035496" m_b="0.841641" m_c="-0.841636" m_d="0.035496" m_tx="100.238312" m_ty="-287.826477"/>
   <element name="topbits" layername="topbits_2" frame="1" z_index="34" m_a="0.776650" m_b="0.000000" m_c="0.000000" m_d="0.763965" m_tx="-58.299999" m_ty="-206.532349"/>
   <element name="topbits" layername="topbits_3" frame="0" z_index="35" m_a="0.864210" m_b="0.185360" m_c="-0.187789" m_d="0.875536" m_tx="-120.985291" m_ty="-18.255909"/>
   <element name="houndbase01" layername="houndbas" frame="0" z_index="36" m_a="0.999624" m_b="-0.027434" m_c="0.027548" m_d="1.003771" m_tx="-1.499221" m_ty="0.000000"/>
  </frame>
  <frame idx="50" w="626" h="745" x="-30.549652" y="-174.261536">
   <element name="topbits" layername="topbits" frame="3" z_index="32" m_a="0.955267" m_b="-0.167754" m_c="0.161586" m_d="0.920149" m_tx="97.099998" m_ty="6.695439"/>
   <element name="topbits" layername="topbits" frame="2" z_index="33" m_a="0.035507" m_b="0.841898" m_c="-0.841897" m_d="0.035507" m_tx="108.483337" m_ty="-291.574249"/>
   <element name="topbits" layername="topbits_2" frame="1" z_index="34" m_a="0.776681" m_b="0.000000" m_c="0.000000" m_d="0.763996" m_tx="-58.299999" m_ty="-212.528778"/>
   <element name="topbits" layername="topbits_3" frame="0" z_index="35" m_a="0.864265" m_b="0.185372" m_c="-0.187802" m_d="0.875593" m_tx="-121.734848" m_ty="-20.504545"/>
   <element name="houndbase01" layername="houndbas" frame="0" z_index="36" m_a="1.000000" m_b="0.000719" m_c="-0.000721" m_d="1.002170" m_tx="0.693199" m_ty="0.000000"/>
  </frame>
  <frame idx="75" w="627" h="751" x="-30.164581" y="-175.401245">
   <element name="topbits" layername="topbits" frame="3" z_index="32" m_a="0.952320" m_b="-0.184236" m_c="0.177454" m_d="0.917267" m_tx="97.312897" m_ty="5.343547"/>
   <element name="topbits" layername="topbits" frame="2" z_index="33" m_a="0.035502" m_b="0.841785" m_c="-0.842365" m_d="0.035527" m_tx="114.395576" m_ty="-293.386353"/>
   <element name="topbits" layername="topbits_2" frame="1" z_index="34" m_a="0.776832" m_b="0.000000" m_c="0.000000" m_d="0.763922" m_tx="-58.025406" m_ty="-215.924179"/>
   <element name="topbits" layername="topbits_3" frame="0" z_index="35" m_a="0.864089" m_b="0.185334" m_c="-0.187859" m_d="0.875862" m_tx="-122.184547" m_ty="-21.722702"/>
   <element name="houndbase01" layername="houndbas" frame="0" z_index="36" m_a="0.999852" m_b="0.017201" m_c="-0.017216" m_d="1.000732" m_tx="1.995440" m_ty="0.000000"/>
  </frame>
  <frame idx="100" w="626" h="746" x="-30.364838" y="-174.875015">
   <element name="topbits" layername="topbits" frame="3" z_index="32" m_a="0.953511" m_b="-0.178455" m_c="0.171861" m_d="0.918280" m_tx="97.978203" m_ty="5.948380"/>
   <element name="topbits" layername="topbits" frame="2" z_index="33" m_a="0.035464" m_b="0.840877" m_c="-0.843265" m_d="0.035565" m_tx="115.163002" m_ty="-291.000000"/>
   <element name="topbits" layername="topbits_2" frame="1" z_index="34" m_a="0.777239" m_b="0.000000" m_c="0.000000" m_d="0.763624" m_tx="-57.167301" m_ty="-213.656006"/>
   <element name="topbits" layername="topbits_3" frame="0" z_index="35" m_a="0.863420" m_b="0.185191" m_c="-0.188014" m_d="0.876582" m_tx="-121.980003" m_ty="-20.699900"/>
   <element name="houndbase01" layername="houndbas" frame="0" z_index="36" m_a="0.999966" m_b="0.008238" m_c="-0.008247" m_d="1.001066" m_tx="1.356190" m_ty="0.000000"/>
  </frame>
  <frame idx="125" w="629" h="737" x="-27.592072" y="-169.668762">
   <element name="topbits" layername="topbits" frame="3" z_index="32" m_a="0.956861" m_b="-0.161151" m_c="0.155129" m_d="0.921105" m_tx="99.964821" m_ty="7.754218"/>
   <element name="topbits" layername="topbits" frame="2" z_index="33" m_a="0.035336" m_b="0.837844" m_c="-0.846275" m_d="0.035692" m_tx="117.726974" m_ty="-283.022064"/>
   <element name="topbits" layername="topbits_2" frame="1" z_index="34" m_a="0.778454" m_b="0.000000" m_c="0.000000" m_d="0.762737" m_tx="-54.605240" m_ty="-206.883942"/>
   <element name="topbits" layername="topbits_3" frame="0" z_index="35" m_a="0.861184" m_b="0.184711" m_c="-0.188529" m_d="0.878985" m_tx="-121.296181" m_ty="-17.280855"/>
   <element name="houndbase01" layername="houndbas" frame="0" z_index="36" m_a="0.999764" m_b="-0.021705" m_c="0.021745" m_d="1.001607" m_tx="-0.780700" m_ty="0.000000"/>
  </frame>
  <frame idx="150" w="629" h="720" x="-27.107391" y="-163.314148">
   <element name="topbits" layername="topbits" frame="3" z_index="32" m_a="0.961657" m_b="-0.132740" m_c="0.127688" m_d="0.925064" m_tx="103.210907" m_ty="10.705304"/>
   <element name="topbits" layername="topbits" frame="2" z_index="33" m_a="0.035339" m_b="0.837902" m_c="-0.846455" m_d="0.035699" m_tx="116.230118" m_ty="-279.375702"/>
   <element name="topbits" layername="topbits_2" frame="1" z_index="34" m_a="0.780439" m_b="0.000000" m_c="0.000000" m_d="0.761287" m_tx="-50.418510" m_ty="-195.817627"/>
   <element name="topbits" layername="topbits_3" frame="0" z_index="35" m_a="0.861239" m_b="0.184723" m_c="-0.188561" m_d="0.879131" m_tx="-121.282242" m_ty="-15.662848"/>
   <element name="houndbase01" layername="houndbas" frame="0" z_index="36" m_a="0.999657" m_b="-0.026194" m_c="0.026239" m_d="1.001359" m_tx="-1.249937" m_ty="0.000000"/>
  </frame>
  <frame idx="175" w="629" h="706" x="-28.457947" y="-158.496765">
   <element name="topbits" layername="topbits" frame="3" z_index="32" m_a="0.965311" m_b="-0.105347" m_c="0.101302" m_d="0.928239" m_tx="105.807396" m_ty="13.613276"/>
   <element name="topbits" layername="topbits" frame="2" z_index="33" m_a="0.035407" m_b="0.839517" m_c="-0.845184" m_d="0.035646" m_tx="112.828697" m_ty="-278.287323"/>
   <element name="topbits" layername="topbits_2" frame="1" z_index="34" m_a="0.781554" m_b="0.000000" m_c="0.000000" m_d="0.760630" m_tx="-47.338005" m_ty="-186.649994"/>
   <element name="topbits" layername="topbits_3" frame="0" z_index="35" m_a="0.862447" m_b="0.184982" m_c="-0.188344" m_d="0.878120" m_tx="-121.608757" m_ty="-15.118628"/>
   <element name="houndbase01" layername="houndbas" frame="0" z_index="36" m_a="0.999849" m_b="-0.017357" m_c="0.017376" m_d="1.000979" m_tx="-0.828175" m_ty="0.000000"/>
  </frame>
  <frame idx="200" w="627" h="706" x="-29.500549" y="-158.318527">
   <element name="topbits" layername="topbits" frame="3" z_index="32" m_a="0.966214" m_b="-0.093636" m_c="0.090103" m_d="0.929754" m_tx="105.517998" m_ty="15.060700"/>
   <element name="topbits" layername="topbits" frame="2" z_index="33" m_a="0.035459" m_b="0.840750" m_c="-0.844216" m_d="0.035605" m_tx="110.234001" m_ty="-277.457001"/>
   <element name="topbits" layername="topbits_2" frame="1" z_index="34" m_a="0.779898" m_b="0.000000" m_c="0.000000" m_d="0.762328" m_tx="-48.550201" m_ty="-186.649994"/>
   <element name="topbits" layername="topbits_3" frame="0" z_index="35" m_a="0.863368" m_b="0.185180" m_c="-0.188178" m_d="0.877349" m_tx="-121.858002" m_ty="-14.703400"/>
   <element name="houndbase01" layername="houndbas" frame="0" z_index="36" m_a="0.999944" m_b="-0.010613" m_c="0.010621" m_d="1.000634" m_tx="-0.506402" m_ty="0.000000"/>
  </frame>
  <frame idx="225" w="627" h="706" x="-30.182404" y="-158.202988">
   <element name="topbits" layername="topbits" frame="3" z_index="32" m_a="0.966692" m_b="-0.086558" m_c="0.083326" m_d="0.930604" m_tx="105.343002" m_ty="15.935112"/>
   <element name="topbits" layername="topbits" frame="2" z_index="33" m_a="0.035492" m_b="0.841549" m_c="-0.843587" m_d="0.035578" m_tx="108.550911" m_ty="-276.918030"/>
   <element name="topbits" layername="topbits_2" frame="1" z_index="34" m_a="0.778897" m_b="0.000000" m_c="0.000000" m_d="0.763354" m_tx="-49.282555" m_ty="-186.649994"/>
   <element name="topbits" layername="topbits_3" frame="0" z_index="35" m_a="0.863966" m_b="0.185308" m_c="-0.188071" m_d="0.876849" m_tx="-122.019768" m_ty="-14.434135"/>
   <element name="houndbase01" layername="houndbas" frame="0" z_index="36" m_a="0.999981" m_b="-0.006239" m_c="0.006242" m_d="1.000384" m_tx="-0.297686" m_ty="0.000000"/>
  </frame>
  <frame idx="250" w="626" h="706" x="-30.694122" y="-158.116730">
   <element name="topbits" layername="topbits" frame="3" z_index="32" m_a="0.967009" m_b="-0.081361" m_c="0.078348" m_d="0.931196" m_tx="105.214546" m_ty="16.576979"/>
   <element name="topbits" layername="topbits" frame="2" z_index="33" m_a="0.035518" m_b="0.842146" m_c="-0.843117" m_d="0.035558" m_tx="107.294334" m_ty="-276.515991"/>
   <element name="topbits" layername="topbits_2" frame="1" z_index="34" m_a="0.778163" m_b="0.000000" m_c="0.000000" m_d="0.764108" m_tx="-49.820091" m_ty="-186.649994"/>
   <element name="topbits" layername="topbits_3" frame="0" z_index="35" m_a="0.864412" m_b="0.185403" m_c="-0.187991" m_d="0.876475" m_tx="-122.140060" m_ty="-14.233104"/>
   <element name="houndbase01" layername="houndbas" frame="0" z_index="36" m_a="0.999996" m_b="-0.002974" m_c="0.002974" m_d="1.000189" m_tx="-0.141875" m_ty="0.000000"/>
  </frame>
  <frame idx="275" w="626" h="706" x="-31.021576" y="-158.061707">
   <element name="topbits" layername="topbits" frame="3" z_index="32" m_a="0.967194" m_b="-0.078104" m_c="0.075226" m_d="0.931554" m_tx="105.134087" m_ty="16.979166"/>
   <element name="topbits" layername="topbits" frame="2" z_index="33" m_a="0.035534" m_b="0.842526" m_c="-0.842818" m_d="0.035546" m_tx="106.493179" m_ty="-276.259857"/>
   <element name="topbits" layername="topbits_2" frame="1" z_index="34" m_a="0.777702" m_b="0.000000" m_c="0.000000" m_d="0.764580" m_tx="-50.156895" m_ty="-186.649994"/>
   <element name="topbits" layername="topbits_3" frame="0" z_index="35" m_a="0.864696" m_b="0.185464" m_c="-0.187940" m_d="0.876237" m_tx="-122.216667" m_ty="-14.104924"/>
   <element name="houndbase01" layername="houndbas" frame="0" z_index="36" m_a="1.000000" m_b="-0.000892" m_c="0.000892" m_d="1.000060" m_tx="-0.042545" m_ty="0.000000"/>
  </frame>
  <frame idx="300" w="626" h="706" x="-31.162384" y="-158.038086">
   <element name="topbits" layername="topbits" frame="3" z_index="32" m_a="0.967269" m_b="-0.076720" m_c="0.073899" m_d="0.931703" m_tx="105.099998" m_ty="17.150000"/>
   <element name="topbits" layername="topbits" frame="2" z_index="33" m_a="0.035540" m_b="0.842689" m_c="-0.842690" m_d="0.035540" m_tx="106.150002" m_ty="-276.149994"/>
   <element name="topbits" layername="topbits_2" frame="1" z_index="34" m_a="0.777507" m_b="0.000000" m_c="0.000000" m_d="0.764781" m_tx="-50.299999" m_ty="-186.649994"/>
   <element name="topbits" layername="topbits_3" frame="0" z_index="35" m_a="0.864818" m_b="0.185491" m_c="-0.187918" m_d="0.876136" m_tx="-122.250000" m_ty="-14.050000"/>
   <element name="houndbase01" layername="houndbas" frame="0" z_index="36" m_a="1.000000" m_b="0.000000" m_c="0.000000" m_d="1.000000" m_tx="0.000000" m_ty="0.000000"/>
  </frame>
 </anim>
 <anim name="idle" root="scrapbase" numframes="125" framerate="40">
  <frame idx="0" w="626" h="706" x="-31.162720" y="-158.037521">
   <element name="topbits" layername="topbits" frame="3" z_index="32" m_a="0.967269" m_b="-0.076720" m_c="0.073899" m_d="0.931703" m_tx="105.099998" m_ty="17.150000"/>
   <element name="topbits" layername="topbits" frame="2" z_index="33" m_a="0.035535" m_b="0.842689" m_c="-0.842690" m_d="0.035535" m_tx="106.150002" m_ty="-276.149994"/>
   <element name="topbits" layername="topbits_2" frame="1" z_index="34" m_a="0.777507" m_b="0.000000" m_c="0.000000" m_d="0.764781" m_tx="-50.299999" m_ty="-186.649994"/>
   <element name="topbits" layername="topbits_3" frame="0" z_index="35" m_a="0.864817" m_b="0.185495" m_c="-0.187923" m_d="0.876135" m_tx="-122.250000" m_ty="-14.050000"/>
   <element name="houndbase01" layername="houndbas" frame="0" z_index="36" m_a="1.000000" m_b="0.000000" m_c="0.000000" m_d="1.000000" m_tx="0.000000" m_ty="0.000000"/>
  </frame>
  <frame idx="25" w="626" h="706" x="-31.162720" y="-158.037521">
   <element name="topbits" layername="topbits" frame="3" z_index="32" m_a="0.967269" m_b="-0.076720" m_c="0.073899" m_d="0.931703" m_tx="105.099998" m_ty="17.150000"/>
   <element name="topbits" layername="topbits" frame="2" z_index="33" m_a="0.035535" m_b="0.842689" m_c="-0.842690" m_d="0.035535" m_tx="106.150002" m_ty="-276.149994"/>
   <element name="topbits" layername="topbits_2" frame="1" z_index="34" m_a="0.777507" m_b="0.000000" m_c="0.000000" m_d="0.764781" m_tx="-50.299999" m_ty="-186.649994"/>
   <element name="topbits" layername="topbits_3" frame="0" z_index="35" m_a="0.864817" m_b="0.185495" m_c="-0.187923" m_d="0.876135" m_tx="-122.250000" m_ty="-14.050000"/>
   <element name="houndbase01" layername="houndbas" frame="0" z_index="36" m_a="1.000000" m_b="0.000000" m_c="0.000000" m_d="1.000000" m_tx="0.000000" m_ty="0.000000"/>
  </frame>
  <frame idx="50" w="626" h="706" x="-31.162720" y="-158.037521">
   <element name="topbits" layername="topbits" frame="3" z_index="32" m_a="0.967269" m_b="-0.076720" m_c="0.073899" m_d="0.931703" m_tx="105.099998" m_ty="17.150000"/>
   <element name="topbits" layername="topbits" frame="2" z_index="33" m_a="0.035535" m_b="0.842689" m_c="-0.842690" m_d="0.035535" m_tx="106.150002" m_ty="-276.149994"/>
   <element name="topbits" layername="topbits_2" frame="1" z_index="34" m_a="0.777507" m_b="0.000000" m_c="0.000000" m_d="0.764781" m_tx="-50.299999" m_ty="-186.649994"/>
   <element name="topbits" layername="topbits_3" frame="0" z_index="35" m_a="0.864817" m_b="0.185495" m_c="-0.187923" m_d="0.876135" m_tx="-122.250000" m_ty="-14.050000"/>
   <element name="houndbase01" layername="houndbas" frame="0" z_index="36" m_a="1.000000" m_b="0.000000" m_c="0.000000" m_d="1.000000" m_tx="0.000000" m_ty="0.000000"/>
  </frame>
  <frame idx="75" w="626" h="706" x="-31.162720" y="-158.037521">
   <element name="topbits" layername="topbits" frame="3" z_index="32" m_a="0.967269" m_b="-0.076720" m_c="0.073899" m_d="0.931703" m_tx="105.099998" m_ty="17.150000"/>
   <element name="topbits" layername="topbits" frame="2" z_index="33" m_a="0.035535" m_b="0.842689" m_c="-0.842690" m_d="0.035535" m_tx="106.150002" m_ty="-276.149994"/>
   <element name="topbits" layername="topbits_2" frame="1" z_index="34" m_a="0.777507" m_b="0.000000" m_c="0.000000" m_d="0.764781" m_tx="-50.299999" m_ty="-186.649994"/>
   <element name="topbits" layername="topbits_3" frame="0" z_index="35" m_a="0.864817" m_b="0.185495" m_c="-0.187923" m_d="0.876135" m_tx="-122.250000" m_ty="-14.050000"/>
   <element name="houndbase01" layername="houndbas" frame="0" z_index="36" m_a="1.000000" m_b="0.000000" m_c="0.000000" m_d="1.000000" m_tx="0.000000" m_ty="0.000000"/>
  </frame>
  <frame idx="100" w="626" h="706" x="-31.162720" y="-158.037521">
   <element name="topbits" layername="topbits" frame="3" z_index="32" m_a="0.967269" m_b="-0.076720" m_c="0.073899" m_d="0.931703" m_tx="105.099998" m_ty="17.150000"/>
   <element name="topbits" layername="topbits" frame="2" z_index="33" m_a="0.035535" m_b="0.842689" m_c="-0.842690" m_d="0.035535" m_tx="106.150002" m_ty="-276.149994"/>
   <element name="topbits" layername="topbits_2" frame="1" z_index="34" m_a="0.777507" m_b="0.000000" m_c="0.000000" m_d="0.764781" m_tx="-50.299999" m_ty="-186.649994"/>
   <element name="topbits" layername="topbits_3" frame="0" z_index="35" m_a="0.864817" m_b="0.185495" m_c="-0.187923" m_d="0.876135" m_tx="-122.250000" m_ty="-14.050000"/>
   <element name="houndbase01" layername="houndbas" frame="0" z_index="36" m_a="1.000000" m_b="0.000000" m_c="0.000000" m_d="1.000000" m_tx="0.000000" m_ty="0.000000"/>
  </frame>
 </anim>
 <anim name="misc" root="scrapbase" numframes="100" framerate="40">
  <frame idx="0" w="3018" h="845" x="-162.155762" y="149.964264">
   <element name="houndbase01" layername="houndbas" frame="1" z_index="26" m_a="-0.537705" m_b="0.000000" m_c="0.000000" m_d="0.537705" m_tx="-963.400024" m_ty="-224.750000"/>
   <element name="houndbase01" layername="houndbas" frame="4" z_index="27" m_a="-0.634338" m_b="0.000000" m_c="0.000000" m_d="0.634338" m_tx="870.599976" m_ty="238.350006"/>
   <element name="houndbase01" layername="houndbas" frame="4" z_index="28" m_a="-1.160390" m_b="0.000000" m_c="0.000000" m_d="1.160390" m_tx="-1081.150024" m_ty="-4.150000"/>
   <element name="houndbase01" layername="houndbas" frame="4" z_index="29" m_a="0.684860" m_b="0.000000" m_c="0.000000" m_d="0.684860" m_tx="321.450012" m_ty="-137.800003"/>
   <element name="houndbase01" layername="houndbas" frame="3" z_index="30" m_a="-0.679535" m_b="0.000000" m_c="0.000000" m_d="0.679535" m_tx="-434.700012" m_ty="-113.400002"/>
   <element name="houndbase01" layername="houndbas" frame="3" z_index="31" m_a="1.114880" m_b="0.000000" m_c="0.000000" m_d="1.114880" m_tx="511.350006" m_ty="534.200012"/>
   <element name="houndbase01" layername="houndbas" frame="2" z_index="32" m_a="-1.149900" m_b="0.000000" m_c="0.000000" m_d="1.149900" m_tx="-419.100006" m_ty="418.649994"/>
   <element name="houndbase01" layername="houndbas" frame="2" z_index="33" m_a="0.863403" m_b="0.000000" m_c="0.000000" m_d="0.863403" m_tx="1018.150024" m_ty="-52.099998"/>
   <element name="houndbase01" layername="houndbas" frame="1" z_index="34" m_a="1.000000" m_b="0.000000" m_c="0.000000" m_d="1.000000" m_tx="-566.500000" m_ty="98.250000"/>
   <element name="houndbase01" layername="houndbas" frame="1" z_index="35" m_a="-1.000000" m_b="0.000000" m_c="0.000000" m_d="1.000000" m_tx="554.599976" m_ty="42.599998"/>
   <element name="houndbase01" layername="houndbas" frame="0" z_index="36" m_a="1.000000" m_b="0.000000" m_c="0.000000" m_d="1.000000" m_tx="0.000000" m_ty="0.000000"/>
  </frame>
  <frame idx="25" w="3018" h="845" x="-162.155762" y="149.964264">
   <element name="houndbase01" layername="houndbas" frame="1" z_index="26" m_a="-0.537705" m_b="0.000000" m_c="0.000000" m_d="0.537705" m_tx="-963.400024" m_ty="-224.750000"/>
   <element name="houndbase01" layername="houndbas" frame="4" z_index="27" m_a="-0.634338" m_b="0.000000" m_c="0.000000" m_d="0.634338" m_tx="870.599976" m_ty="238.350006"/>
   <element name="houndbase01" layername="houndbas" frame="4" z_index="28" m_a="-1.160390" m_b="0.000000" m_c="0.000000" m_d="1.160390" m_tx="-1081.150024" m_ty="-4.150000"/>
   <element name="houndbase01" layername="houndbas" frame="4" z_index="29" m_a="0.684860" m_b="0.000000" m_c="0.000000" m_d="0.684860" m_tx="321.450012" m_ty="-137.800003"/>
   <element name="houndbase01" layername="houndbas" frame="3" z_index="30" m_a="-0.679535" m_b="0.000000" m_c="0.000000" m_d="0.679535" m_tx="-434.700012" m_ty="-113.400002"/>
   <element name="houndbase01" layername="houndbas" frame="3" z_index="31" m_a="1.114880" m_b="0.000000" m_c="0.000000" m_d="1.114880" m_tx="511.350006" m_ty="534.200012"/>
   <element name="houndbase01" layername="houndbas" frame="2" z_index="32" m_a="-1.149900" m_b="0.000000" m_c="0.000000" m_d="1.149900" m_tx="-419.100006" m_ty="418.649994"/>
   <element name="houndbase01" layername="houndbas" frame="2" z_index="33" m_a="0.863403" m_b="0.000000" m_c="0.000000" m_d="0.863403" m_tx="1018.150024" m_ty="-52.099998"/>
   <element name="houndbase01" layername="houndbas" frame="1" z_index="34" m_a="1.000000" m_b="0.000000" m_c="0.000000" m_d="1.000000" m_tx="-566.500000" m_ty="98.250000"/>
   <element name="houndbase01" layername="houndbas" frame="1" z_index="35" m_a="-1.000000" m_b="0.000000" m_c="0.000000" m_d="1.000000" m_tx="554.599976" m_ty="42.599998"/>
   <element name="houndbase01" layername="houndbas" frame="0" z_index="36" m_a="1.000000" m_b="0.000000" m_c="0.000000" m_d="1.000000" m_tx="0.000000" m_ty="0.000000"/>
  </frame>
  <frame idx="50" w="3018" h="845" x="-162.155762" y="149.964264">
   <element name="houndbase01" layername="houndbas" frame="1" z_index="26" m_a="-0.537705" m_b="0.000000" m_c="0.000000" m_d="0.537705" m_tx="-963.400024" m_ty="-224.750000"/>
   <element name="houndbase01" layername="houndbas" frame="4" z_index="27" m_a="-0.634338" m_b="0.000000" m_c="0.000000" m_d="0.634338" m_tx="870.599976" m_ty="238.350006"/>
   <element name="houndbase01" layername="houndbas" frame="4" z_index="28" m_a="-1.160390" m_b="0.000000" m_c="0.000000" m_d="1.160390" m_tx="-1081.150024" m_ty="-4.150000"/>
   <element name="houndbase01" layername="houndbas" frame="4" z_index="29" m_a="0.684860" m_b="0.000000" m_c="0.000000" m_d="0.684860" m_tx="321.450012" m_ty="-137.800003"/>
   <element name="houndbase01" layername="houndbas" frame="3" z_index="30" m_a="-0.679535" m_b="0.000000" m_c="0.000000" m_d="0.679535" m_tx="-434.700012" m_ty="-113.400002"/>
   <element name="houndbase01" layername="houndbas" frame="3" z_index="31" m_a="1.114880" m_b="0.000000" m_c="0.000000" m_d="1.114880" m_tx="511.350006" m_ty="534.200012"/>
   <element name="houndbase01" layername="houndbas" frame="2" z_index="32" m_a="-1.149900" m_b="0.000000" m_c="0.000000" m_d="1.149900" m_tx="-419.100006" m_ty="418.649994"/>
   <element name="houndbase01" layername="houndbas" frame="2" z_index="33" m_a="0.863403" m_b="0.000000" m_c="0.000000" m_d="0.863403" m_tx="1018.150024" m_ty="-52.099998"/>
   <element name="houndbase01" layername="houndbas" frame="1" z_index="34" m_a="1.000000" m_b="0.000000" m_c="0.000000" m_d="1.000000" m_tx="-566.500000" m_ty="98.250000"/>
   <element name="houndbase01" layername="houndbas" frame="1" z_index="35" m_a="-1.000000" m_b="0.000000" m_c="0.000000" m_d="1.000000" m_tx="554.599976" m_ty="42.599998"/>
   <element name="houndbase01" layername="houndbas" frame="0" z_index="36" m_a="1.000000" m_b="0.000000" m_c="0.000000" m_d="1.000000" m_tx="0.000000" m_ty="0.000000"/>
  </frame>
  <frame idx="75" w="3018" h="845" x="-162.155762" y="149.964264">
   <element name="houndbase01" layername="houndbas" frame="1" z_index="26" m_a="-0.537705" m_b="0.000000" m_c="0.000000" m_d="0.537705" m_tx="-963.400024" m_ty="-224.750000"/>
   <element name="houndbase01" layername="houndbas" frame="4" z_index="27" m_a="-0.634338" m_b="0.000000" m_c="0.000000" m_d="0.634338" m_tx="870.599976" m_ty="238.350006"/>
   <element name="houndbase01" layername="houndbas" frame="4" z_index="28" m_a="-1.160390" m_b="0.000000" m_c="0.000000" m_d="1.160390" m_tx="-1081.150024" m_ty="-4.150000"/>
   <element name="houndbase01" layername="houndbas" frame="4" z_index="29" m_a="0.684860" m_b="0.000000" m_c="0.000000" m_d="0.684860" m_tx="321.450012" m_ty="-137.800003"/>
   <element name="houndbase01" layername="houndbas" frame="3" z_index="30" m_a="-0.679535" m_b="0.000000" m_c="0.000000" m_d="0.679535" m_tx="-434.700012" m_ty="-113.400002"/>
   <element name="houndbase01" layername="houndbas" frame="3" z_index="31" m_a="1.114880" m_b="0.000000" m_c="0.000000" m_d="1.114880" m_tx="511.350006" m_ty="534.200012"/>
   <element name="houndbase01" layername="houndbas" frame="2" z_index="32" m_a="-1.149900" m_b="0.000000" m_c="0.000000" m_d="1.149900" m_tx="-419.100006" m_ty="418.649994"/>
   <element name="houndbase01" layername="houndbas" frame="2" z_index="33" m_a="0.863403" m_b="0.000000" m_c="0.000000" m_d="0.863403" m_tx="1018.150024" m_ty="-52.099998"/>
   <element name="houndbase01" layername="houndbas" frame="1" z_index="34" m_a="1.000000" m_b="0.000000" m_c="0.000000" m_d="1.000000" m_tx="-566.500000" m_ty="98.250000"/>
   <element name="houndbase01" layername="houndbas" frame="1" z_index="35" m_a="-1.000000" m_b="0.000000" m_c="0.000000" m_d="1.000000" m_tx="554.599976" m_ty="42.599998"/>
   <element name="houndbase01" layername="houndbas" frame="0" z_index="36" m_a="1.000000" m_b="0.000000" m_c="0.000000" m_d="1.000000" m_tx="0.000000" m_ty="0.000000"/>
  </frame>
 </anim>
 <anim name="piece1" root="scrapbase" numframes="50" framerate="40">
  <frame idx="0" w="361" h="181" x="27.860046" y="-4.729134">
   <element name="houndbase01" layername="houndbas" frame="1" z_index="36" m_a="1.000000" m_b="0.000000" m_c="0.000000" m_d="1.000000" m_tx="0.000000" m_ty="0.000000"/>
  </frame>
  <frame idx="25" w="361" h="181" x="27.860046" y="-4.729134">
   <element name="houndbase01" layername="houndbas" frame="1" z_index="36" m_a="1.000000" m_b="0.000000" m_c="0.000000" m_d="1.000000" m_tx="0.000000" m_ty="0.000000"/>
  </frame>
 </anim>
 <anim name="piece2" root="scrapbase" numframes="50" framerate="40">
  <frame idx="0" w="306" h="383" x="6.750107" y="-77.729492">
   <element name="houndbase01" layername="houndbas" frame="2" z_index="36" m_a="1.000000" m_b="0.000000" m_c="0.000000" m_d="1.000000" m_tx="0.000000" m_ty="0.000000"/>
  </frame>
  <frame idx="25" w="306" h="383" x="6.750107" y="-77.729492">
   <element name="houndbase01" layername="houndbas" frame="2" z_index="36" m_a="1.000000" m_b="0.000000" m_c="0.000000" m_d="1.000000" m_tx="0.000000" m_ty="0.000000"/>
  </frame>
 </anim>
 <anim name="piece3" root="scrapbase" numframes="50" framerate="40">
  <frame idx="0" w="300" h="251" x="39.450035" y="-40.274933">
   <element name="houndbase01" layername="houndbas" frame="3" z_index="36" m_a="1.000000" m_b="0.000000" m_c="0.000000" m_d="1.000000" m_tx="0.000000" m_ty="0.000000"/>
  </frame>
  <frame idx="25" w="300" h="251" x="39.450035" y="-40.274933">
   <element name="houndbase01" layername="houndbas" frame="3" z_index="36" m_a="1.000000" m_b="0.000000" m_c="0.000000" m_d="1.000000" m_tx="0.000000" m_ty="0.000000"/>
  </frame>
 </anim>
 <anim name="piece4" root="scrapbase" numframes="50" framerate="40">
  <frame idx="0" w="244" h="136" x="8.961227" y="0.483387">
   <element name="houndbase01" layername="houndbas" frame="4" z_index="36" m_a="1.000000" m_b="0.000000" m_c="0.000000" m_d="1.000000" m_tx="0.000000" m_ty="0.000000"/>
  </frame>
  <frame idx="25" w="244" h="136" x="8.961227" y="0.483387">
   <element name="houndbase01" layername="houndbas" frame="4" z_index="36" m_a="1.000000" m_b="0.000000" m_c="0.000000" m_d="1.000000" m_tx="0.000000" m_ty="0.000000"/>
  </frame>
 </anim>
</Anims>
