<Anims>
 <anim name="cooked" root="luminous_fruit" numframes="1000" framerate="40">
  <frame idx="0" w="248" h="293" x="3.294525" y="-62.415253">
   <element name="fruit" layername="frui" frame="0" z_index="3" m_a="1.000000" m_b="0.000000" m_c="0.000000" m_d="1.000000" m_tx="-110.705475" m_ty="-163.915253"/>
  </frame>
  <frame idx="25" w="248" h="293" x="3.294525" y="-62.415253">
   <element name="fruit" layername="frui" frame="0" z_index="3" m_a="1.000000" m_b="0.000000" m_c="0.000000" m_d="1.000000" m_tx="-110.705475" m_ty="-163.915253"/>
  </frame>
  <frame idx="50" w="248" h="293" x="3.294525" y="-62.415253">
   <element name="fruit" layername="frui" frame="0" z_index="3" m_a="1.000000" m_b="0.000000" m_c="0.000000" m_d="1.000000" m_tx="-110.705475" m_ty="-163.915253"/>
  </frame>
  <frame idx="75" w="248" h="293" x="3.294525" y="-62.415253">
   <element name="fruit" layername="frui" frame="0" z_index="3" m_a="1.000000" m_b="0.000000" m_c="0.000000" m_d="1.000000" m_tx="-110.705475" m_ty="-163.915253"/>
  </frame>
  <frame idx="100" w="248" h="293" x="3.294525" y="-62.415253">
   <element name="fruit" layername="frui" frame="0" z_index="3" m_a="1.000000" m_b="0.000000" m_c="0.000000" m_d="1.000000" m_tx="-110.705475" m_ty="-163.915253"/>
  </frame>
  <frame idx="125" w="248" h="293" x="3.294525" y="-62.415253">
   <element name="fruit" layername="frui" frame="0" z_index="3" m_a="1.000000" m_b="0.000000" m_c="0.000000" m_d="1.000000" m_tx="-110.705475" m_ty="-163.915253"/>
  </frame>
  <frame idx="150" w="248" h="293" x="3.294525" y="-62.415253">
   <element name="fruit" layername="frui" frame="0" z_index="3" m_a="1.000000" m_b="0.000000" m_c="0.000000" m_d="1.000000" m_tx="-110.705475" m_ty="-163.915253"/>
  </frame>
  <frame idx="175" w="248" h="293" x="3.294525" y="-62.415253">
   <element name="fruit" layername="frui" frame="0" z_index="3" m_a="1.000000" m_b="0.000000" m_c="0.000000" m_d="1.000000" m_tx="-110.705475" m_ty="-163.915253"/>
  </frame>
  <frame idx="200" w="248" h="293" x="3.294525" y="-62.415253">
   <element name="fruit" layername="frui" frame="0" z_index="3" m_a="1.000000" m_b="0.000000" m_c="0.000000" m_d="1.000000" m_tx="-110.705475" m_ty="-163.915253"/>
  </frame>
  <frame idx="225" w="248" h="293" x="3.294525" y="-62.415253">
   <element name="fruit" layername="frui" frame="0" z_index="3" m_a="1.000000" m_b="0.000000" m_c="0.000000" m_d="1.000000" m_tx="-110.705475" m_ty="-163.915253"/>
  </frame>
  <frame idx="250" w="248" h="293" x="3.294525" y="-62.415253">
   <element name="fruit" layername="frui" frame="0" z_index="3" m_a="1.000000" m_b="0.000000" m_c="0.000000" m_d="1.000000" m_tx="-110.705475" m_ty="-163.915253"/>
  </frame>
  <frame idx="275" w="248" h="293" x="3.294525" y="-62.415253">
   <element name="fruit" layername="frui" frame="0" z_index="3" m_a="1.000000" m_b="0.000000" m_c="0.000000" m_d="1.000000" m_tx="-110.705475" m_ty="-163.915253"/>
  </frame>
  <frame idx="300" w="248" h="293" x="3.294525" y="-62.415253">
   <element name="fruit" layername="frui" frame="0" z_index="3" m_a="1.000000" m_b="0.000000" m_c="0.000000" m_d="1.000000" m_tx="-110.705475" m_ty="-163.915253"/>
  </frame>
  <frame idx="325" w="248" h="293" x="3.294525" y="-62.415253">
   <element name="fruit" layername="frui" frame="0" z_index="3" m_a="1.000000" m_b="0.000000" m_c="0.000000" m_d="1.000000" m_tx="-110.705475" m_ty="-163.915253"/>
  </frame>
  <frame idx="350" w="248" h="293" x="3.294525" y="-62.415253">
   <element name="fruit" layername="frui" frame="0" z_index="3" m_a="1.000000" m_b="0.000000" m_c="0.000000" m_d="1.000000" m_tx="-110.705475" m_ty="-163.915253"/>
  </frame>
  <frame idx="375" w="248" h="293" x="3.294525" y="-62.415253">
   <element name="fruit" layername="frui" frame="0" z_index="3" m_a="1.000000" m_b="0.000000" m_c="0.000000" m_d="1.000000" m_tx="-110.705475" m_ty="-163.915253"/>
  </frame>
  <frame idx="400" w="248" h="293" x="3.294525" y="-62.415253">
   <element name="fruit" layername="frui" frame="0" z_index="3" m_a="1.000000" m_b="0.000000" m_c="0.000000" m_d="1.000000" m_tx="-110.705475" m_ty="-163.915253"/>
  </frame>
  <frame idx="425" w="248" h="293" x="3.294525" y="-62.415253">
   <element name="fruit" layername="frui" frame="0" z_index="3" m_a="1.000000" m_b="0.000000" m_c="0.000000" m_d="1.000000" m_tx="-110.705475" m_ty="-163.915253"/>
  </frame>
  <frame idx="450" w="248" h="293" x="3.294525" y="-62.415253">
   <element name="fruit" layername="frui" frame="0" z_index="3" m_a="1.000000" m_b="0.000000" m_c="0.000000" m_d="1.000000" m_tx="-110.705475" m_ty="-163.915253"/>
  </frame>
  <frame idx="475" w="248" h="293" x="3.294525" y="-62.415253">
   <element name="fruit" layername="frui" frame="0" z_index="3" m_a="1.000000" m_b="0.000000" m_c="0.000000" m_d="1.000000" m_tx="-110.705475" m_ty="-163.915253"/>
  </frame>
  <frame idx="500" w="248" h="293" x="3.294525" y="-62.415253">
   <element name="fruit" layername="frui" frame="0" z_index="3" m_a="1.000000" m_b="0.000000" m_c="0.000000" m_d="1.000000" m_tx="-110.705475" m_ty="-163.915253"/>
  </frame>
  <frame idx="525" w="248" h="293" x="3.294525" y="-62.415253">
   <element name="fruit" layername="frui" frame="0" z_index="3" m_a="1.000000" m_b="0.000000" m_c="0.000000" m_d="1.000000" m_tx="-110.705475" m_ty="-163.915253"/>
  </frame>
  <frame idx="550" w="248" h="293" x="3.294525" y="-62.415253">
   <element name="fruit" layername="frui" frame="0" z_index="3" m_a="1.000000" m_b="0.000000" m_c="0.000000" m_d="1.000000" m_tx="-110.705475" m_ty="-163.915253"/>
  </frame>
  <frame idx="575" w="248" h="293" x="3.294525" y="-62.415253">
   <element name="fruit" layername="frui" frame="0" z_index="3" m_a="1.000000" m_b="0.000000" m_c="0.000000" m_d="1.000000" m_tx="-110.705475" m_ty="-163.915253"/>
  </frame>
  <frame idx="600" w="248" h="293" x="3.294525" y="-62.415253">
   <element name="fruit" layername="frui" frame="0" z_index="3" m_a="1.000000" m_b="0.000000" m_c="0.000000" m_d="1.000000" m_tx="-110.705475" m_ty="-163.915253"/>
  </frame>
  <frame idx="625" w="248" h="293" x="3.294525" y="-62.415253">
   <element name="fruit" layername="frui" frame="0" z_index="3" m_a="1.000000" m_b="0.000000" m_c="0.000000" m_d="1.000000" m_tx="-110.705475" m_ty="-163.915253"/>
  </frame>
  <frame idx="650" w="248" h="293" x="3.294525" y="-62.415253">
   <element name="fruit" layername="frui" frame="0" z_index="3" m_a="1.000000" m_b="0.000000" m_c="0.000000" m_d="1.000000" m_tx="-110.705475" m_ty="-163.915253"/>
  </frame>
  <frame idx="675" w="248" h="293" x="3.294525" y="-62.415253">
   <element name="fruit" layername="frui" frame="0" z_index="3" m_a="1.000000" m_b="0.000000" m_c="0.000000" m_d="1.000000" m_tx="-110.705475" m_ty="-163.915253"/>
  </frame>
  <frame idx="700" w="248" h="293" x="3.294525" y="-62.415253">
   <element name="fruit" layername="frui" frame="0" z_index="3" m_a="1.000000" m_b="0.000000" m_c="0.000000" m_d="1.000000" m_tx="-110.705475" m_ty="-163.915253"/>
  </frame>
  <frame idx="725" w="248" h="293" x="3.294525" y="-62.415253">
   <element name="fruit" layername="frui" frame="0" z_index="3" m_a="1.000000" m_b="0.000000" m_c="0.000000" m_d="1.000000" m_tx="-110.705475" m_ty="-163.915253"/>
  </frame>
  <frame idx="750" w="248" h="293" x="3.294525" y="-62.415253">
   <element name="fruit" layername="frui" frame="0" z_index="3" m_a="1.000000" m_b="0.000000" m_c="0.000000" m_d="1.000000" m_tx="-110.705475" m_ty="-163.915253"/>
  </frame>
  <frame idx="775" w="248" h="293" x="3.294525" y="-62.415253">
   <element name="fruit" layername="frui" frame="0" z_index="3" m_a="1.000000" m_b="0.000000" m_c="0.000000" m_d="1.000000" m_tx="-110.705475" m_ty="-163.915253"/>
  </frame>
  <frame idx="800" w="248" h="293" x="3.294525" y="-62.415253">
   <element name="fruit" layername="frui" frame="0" z_index="3" m_a="1.000000" m_b="0.000000" m_c="0.000000" m_d="1.000000" m_tx="-110.705475" m_ty="-163.915253"/>
  </frame>
  <frame idx="825" w="248" h="293" x="3.294525" y="-62.415253">
   <element name="fruit" layername="frui" frame="0" z_index="3" m_a="1.000000" m_b="0.000000" m_c="0.000000" m_d="1.000000" m_tx="-110.705475" m_ty="-163.915253"/>
  </frame>
  <frame idx="850" w="248" h="293" x="3.294525" y="-62.415253">
   <element name="fruit" layername="frui" frame="0" z_index="3" m_a="1.000000" m_b="0.000000" m_c="0.000000" m_d="1.000000" m_tx="-110.705475" m_ty="-163.915253"/>
  </frame>
  <frame idx="875" w="248" h="293" x="3.294525" y="-62.415253">
   <element name="fruit" layername="frui" frame="0" z_index="3" m_a="1.000000" m_b="0.000000" m_c="0.000000" m_d="1.000000" m_tx="-110.705475" m_ty="-163.915253"/>
  </frame>
  <frame idx="900" w="248" h="293" x="3.294525" y="-62.415253">
   <element name="fruit" layername="frui" frame="0" z_index="3" m_a="1.000000" m_b="0.000000" m_c="0.000000" m_d="1.000000" m_tx="-110.705475" m_ty="-163.915253"/>
  </frame>
  <frame idx="925" w="248" h="293" x="3.294525" y="-62.415253">
   <element name="fruit" layername="frui" frame="0" z_index="3" m_a="1.000000" m_b="0.000000" m_c="0.000000" m_d="1.000000" m_tx="-110.705475" m_ty="-163.915253"/>
  </frame>
  <frame idx="950" w="248" h="293" x="3.294525" y="-62.415253">
   <element name="fruit" layername="frui" frame="0" z_index="3" m_a="1.000000" m_b="0.000000" m_c="0.000000" m_d="1.000000" m_tx="-110.705475" m_ty="-163.915253"/>
  </frame>
  <frame idx="975" w="248" h="293" x="3.294525" y="-62.415253">
   <element name="fruit" layername="frui" frame="0" z_index="3" m_a="1.000000" m_b="0.000000" m_c="0.000000" m_d="1.000000" m_tx="-110.705475" m_ty="-163.915253"/>
  </frame>
 </anim>
 <anim name="idle" root="luminous_fruit" numframes="1000" framerate="40">
  <frame idx="0" w="256" h="282" x="-3.543167" y="-52.267654">
   <element name="fruit" layername="frui" frame="1" z_index="3" m_a="1.000000" m_b="0.000000" m_c="0.000000" m_d="1.000000" m_tx="-117.543167" m_ty="-153.767654"/>
  </frame>
  <frame idx="25" w="256" h="282" x="-3.543167" y="-52.267654">
   <element name="fruit" layername="frui" frame="1" z_index="3" m_a="1.000000" m_b="0.000000" m_c="0.000000" m_d="1.000000" m_tx="-117.543167" m_ty="-153.767654"/>
  </frame>
  <frame idx="50" w="256" h="282" x="-3.543167" y="-52.267654">
   <element name="fruit" layername="frui" frame="1" z_index="3" m_a="1.000000" m_b="0.000000" m_c="0.000000" m_d="1.000000" m_tx="-117.543167" m_ty="-153.767654"/>
  </frame>
  <frame idx="75" w="256" h="282" x="-3.543167" y="-52.267654">
   <element name="fruit" layername="frui" frame="1" z_index="3" m_a="1.000000" m_b="0.000000" m_c="0.000000" m_d="1.000000" m_tx="-117.543167" m_ty="-153.767654"/>
  </frame>
  <frame idx="100" w="256" h="282" x="-3.543167" y="-52.267654">
   <element name="fruit" layername="frui" frame="1" z_index="3" m_a="1.000000" m_b="0.000000" m_c="0.000000" m_d="1.000000" m_tx="-117.543167" m_ty="-153.767654"/>
  </frame>
  <frame idx="125" w="256" h="282" x="-3.543167" y="-52.267654">
   <element name="fruit" layername="frui" frame="1" z_index="3" m_a="1.000000" m_b="0.000000" m_c="0.000000" m_d="1.000000" m_tx="-117.543167" m_ty="-153.767654"/>
  </frame>
  <frame idx="150" w="256" h="282" x="-3.543167" y="-52.267654">
   <element name="fruit" layername="frui" frame="1" z_index="3" m_a="1.000000" m_b="0.000000" m_c="0.000000" m_d="1.000000" m_tx="-117.543167" m_ty="-153.767654"/>
  </frame>
  <frame idx="175" w="256" h="282" x="-3.543167" y="-52.267654">
   <element name="fruit" layername="frui" frame="1" z_index="3" m_a="1.000000" m_b="0.000000" m_c="0.000000" m_d="1.000000" m_tx="-117.543167" m_ty="-153.767654"/>
  </frame>
  <frame idx="200" w="256" h="282" x="-3.543167" y="-52.267654">
   <element name="fruit" layername="frui" frame="1" z_index="3" m_a="1.000000" m_b="0.000000" m_c="0.000000" m_d="1.000000" m_tx="-117.543167" m_ty="-153.767654"/>
  </frame>
  <frame idx="225" w="256" h="282" x="-3.543167" y="-52.267654">
   <element name="fruit" layername="frui" frame="1" z_index="3" m_a="1.000000" m_b="0.000000" m_c="0.000000" m_d="1.000000" m_tx="-117.543167" m_ty="-153.767654"/>
  </frame>
  <frame idx="250" w="256" h="282" x="-3.543167" y="-52.267654">
   <element name="fruit" layername="frui" frame="1" z_index="3" m_a="1.000000" m_b="0.000000" m_c="0.000000" m_d="1.000000" m_tx="-117.543167" m_ty="-153.767654"/>
  </frame>
  <frame idx="275" w="256" h="282" x="-3.543167" y="-52.267654">
   <element name="fruit" layername="frui" frame="1" z_index="3" m_a="1.000000" m_b="0.000000" m_c="0.000000" m_d="1.000000" m_tx="-117.543167" m_ty="-153.767654"/>
  </frame>
  <frame idx="300" w="256" h="282" x="-3.543167" y="-52.267654">
   <element name="fruit" layername="frui" frame="1" z_index="3" m_a="1.000000" m_b="0.000000" m_c="0.000000" m_d="1.000000" m_tx="-117.543167" m_ty="-153.767654"/>
  </frame>
  <frame idx="325" w="256" h="282" x="-3.543167" y="-52.267654">
   <element name="fruit" layername="frui" frame="1" z_index="3" m_a="1.000000" m_b="0.000000" m_c="0.000000" m_d="1.000000" m_tx="-117.543167" m_ty="-153.767654"/>
  </frame>
  <frame idx="350" w="256" h="282" x="-3.543167" y="-52.267654">
   <element name="fruit" layername="frui" frame="1" z_index="3" m_a="1.000000" m_b="0.000000" m_c="0.000000" m_d="1.000000" m_tx="-117.543167" m_ty="-153.767654"/>
  </frame>
  <frame idx="375" w="256" h="282" x="-3.543167" y="-52.267654">
   <element name="fruit" layername="frui" frame="1" z_index="3" m_a="1.000000" m_b="0.000000" m_c="0.000000" m_d="1.000000" m_tx="-117.543167" m_ty="-153.767654"/>
  </frame>
  <frame idx="400" w="256" h="282" x="-3.543167" y="-52.267654">
   <element name="fruit" layername="frui" frame="1" z_index="3" m_a="1.000000" m_b="0.000000" m_c="0.000000" m_d="1.000000" m_tx="-117.543167" m_ty="-153.767654"/>
  </frame>
  <frame idx="425" w="256" h="282" x="-3.543167" y="-52.267654">
   <element name="fruit" layername="frui" frame="1" z_index="3" m_a="1.000000" m_b="0.000000" m_c="0.000000" m_d="1.000000" m_tx="-117.543167" m_ty="-153.767654"/>
  </frame>
  <frame idx="450" w="256" h="282" x="-3.543167" y="-52.267654">
   <element name="fruit" layername="frui" frame="1" z_index="3" m_a="1.000000" m_b="0.000000" m_c="0.000000" m_d="1.000000" m_tx="-117.543167" m_ty="-153.767654"/>
  </frame>
  <frame idx="475" w="256" h="282" x="-3.543167" y="-52.267654">
   <element name="fruit" layername="frui" frame="1" z_index="3" m_a="1.000000" m_b="0.000000" m_c="0.000000" m_d="1.000000" m_tx="-117.543167" m_ty="-153.767654"/>
  </frame>
  <frame idx="500" w="256" h="282" x="-3.543167" y="-52.267654">
   <element name="fruit" layername="frui" frame="1" z_index="3" m_a="1.000000" m_b="0.000000" m_c="0.000000" m_d="1.000000" m_tx="-117.543167" m_ty="-153.767654"/>
  </frame>
  <frame idx="525" w="256" h="282" x="-3.543167" y="-52.267654">
   <element name="fruit" layername="frui" frame="1" z_index="3" m_a="1.000000" m_b="0.000000" m_c="0.000000" m_d="1.000000" m_tx="-117.543167" m_ty="-153.767654"/>
  </frame>
  <frame idx="550" w="256" h="282" x="-3.543167" y="-52.267654">
   <element name="fruit" layername="frui" frame="1" z_index="3" m_a="1.000000" m_b="0.000000" m_c="0.000000" m_d="1.000000" m_tx="-117.543167" m_ty="-153.767654"/>
  </frame>
  <frame idx="575" w="256" h="282" x="-3.543167" y="-52.267654">
   <element name="fruit" layername="frui" frame="1" z_index="3" m_a="1.000000" m_b="0.000000" m_c="0.000000" m_d="1.000000" m_tx="-117.543167" m_ty="-153.767654"/>
  </frame>
  <frame idx="600" w="256" h="282" x="-3.543167" y="-52.267654">
   <element name="fruit" layername="frui" frame="1" z_index="3" m_a="1.000000" m_b="0.000000" m_c="0.000000" m_d="1.000000" m_tx="-117.543167" m_ty="-153.767654"/>
  </frame>
  <frame idx="625" w="256" h="282" x="-3.543167" y="-52.267654">
   <element name="fruit" layername="frui" frame="1" z_index="3" m_a="1.000000" m_b="0.000000" m_c="0.000000" m_d="1.000000" m_tx="-117.543167" m_ty="-153.767654"/>
  </frame>
  <frame idx="650" w="256" h="282" x="-3.543167" y="-52.267654">
   <element name="fruit" layername="frui" frame="1" z_index="3" m_a="1.000000" m_b="0.000000" m_c="0.000000" m_d="1.000000" m_tx="-117.543167" m_ty="-153.767654"/>
  </frame>
  <frame idx="675" w="256" h="282" x="-3.543167" y="-52.267654">
   <element name="fruit" layername="frui" frame="1" z_index="3" m_a="1.000000" m_b="0.000000" m_c="0.000000" m_d="1.000000" m_tx="-117.543167" m_ty="-153.767654"/>
  </frame>
  <frame idx="700" w="256" h="282" x="-3.543167" y="-52.267654">
   <element name="fruit" layername="frui" frame="1" z_index="3" m_a="1.000000" m_b="0.000000" m_c="0.000000" m_d="1.000000" m_tx="-117.543167" m_ty="-153.767654"/>
  </frame>
  <frame idx="725" w="256" h="282" x="-3.543167" y="-52.267654">
   <element name="fruit" layername="frui" frame="1" z_index="3" m_a="1.000000" m_b="0.000000" m_c="0.000000" m_d="1.000000" m_tx="-117.543167" m_ty="-153.767654"/>
  </frame>
  <frame idx="750" w="256" h="282" x="-3.543167" y="-52.267654">
   <element name="fruit" layername="frui" frame="1" z_index="3" m_a="1.000000" m_b="0.000000" m_c="0.000000" m_d="1.000000" m_tx="-117.543167" m_ty="-153.767654"/>
  </frame>
  <frame idx="775" w="256" h="282" x="-3.543167" y="-52.267654">
   <element name="fruit" layername="frui" frame="1" z_index="3" m_a="1.000000" m_b="0.000000" m_c="0.000000" m_d="1.000000" m_tx="-117.543167" m_ty="-153.767654"/>
  </frame>
  <frame idx="800" w="256" h="282" x="-3.543167" y="-52.267654">
   <element name="fruit" layername="frui" frame="1" z_index="3" m_a="1.000000" m_b="0.000000" m_c="0.000000" m_d="1.000000" m_tx="-117.543167" m_ty="-153.767654"/>
  </frame>
  <frame idx="825" w="256" h="282" x="-3.543167" y="-52.267654">
   <element name="fruit" layername="frui" frame="1" z_index="3" m_a="1.000000" m_b="0.000000" m_c="0.000000" m_d="1.000000" m_tx="-117.543167" m_ty="-153.767654"/>
  </frame>
  <frame idx="850" w="256" h="282" x="-3.543167" y="-52.267654">
   <element name="fruit" layername="frui" frame="1" z_index="3" m_a="1.000000" m_b="0.000000" m_c="0.000000" m_d="1.000000" m_tx="-117.543167" m_ty="-153.767654"/>
  </frame>
  <frame idx="875" w="256" h="282" x="-3.543167" y="-52.267654">
   <element name="fruit" layername="frui" frame="1" z_index="3" m_a="1.000000" m_b="0.000000" m_c="0.000000" m_d="1.000000" m_tx="-117.543167" m_ty="-153.767654"/>
  </frame>
  <frame idx="900" w="256" h="282" x="-3.543167" y="-52.267654">
   <element name="fruit" layername="frui" frame="1" z_index="3" m_a="1.000000" m_b="0.000000" m_c="0.000000" m_d="1.000000" m_tx="-117.543167" m_ty="-153.767654"/>
  </frame>
  <frame idx="925" w="256" h="282" x="-3.543167" y="-52.267654">
   <element name="fruit" layername="frui" frame="1" z_index="3" m_a="1.000000" m_b="0.000000" m_c="0.000000" m_d="1.000000" m_tx="-117.543167" m_ty="-153.767654"/>
  </frame>
  <frame idx="950" w="256" h="282" x="-3.543167" y="-52.267654">
   <element name="fruit" layername="frui" frame="1" z_index="3" m_a="1.000000" m_b="0.000000" m_c="0.000000" m_d="1.000000" m_tx="-117.543167" m_ty="-153.767654"/>
  </frame>
  <frame idx="975" w="256" h="282" x="-3.543167" y="-52.267654">
   <element name="fruit" layername="frui" frame="1" z_index="3" m_a="1.000000" m_b="0.000000" m_c="0.000000" m_d="1.000000" m_tx="-117.543167" m_ty="-153.767654"/>
  </frame>
 </anim>
 <anim name="idle_planted" root="luminous_fruit" numframes="1000" framerate="40">
  <frame idx="0" w="328" h="523" x="10.896545" y="-122.275848">
   <element name="fruit" layername="frui" frame="2" z_index="3" m_a="1.000000" m_b="0.000000" m_c="0.000000" m_d="1.000000" m_tx="-143.103455" m_ty="-298.275848"/>
  </frame>
  <frame idx="25" w="328" h="523" x="10.896545" y="-122.275848">
   <element name="fruit" layername="frui" frame="2" z_index="3" m_a="1.000000" m_b="0.000000" m_c="0.000000" m_d="1.000000" m_tx="-143.103455" m_ty="-298.275848"/>
  </frame>
  <frame idx="50" w="328" h="523" x="10.896545" y="-122.275848">
   <element name="fruit" layername="frui" frame="2" z_index="3" m_a="1.000000" m_b="0.000000" m_c="0.000000" m_d="1.000000" m_tx="-143.103455" m_ty="-298.275848"/>
  </frame>
  <frame idx="75" w="328" h="523" x="10.896545" y="-122.275848">
   <element name="fruit" layername="frui" frame="2" z_index="3" m_a="1.000000" m_b="0.000000" m_c="0.000000" m_d="1.000000" m_tx="-143.103455" m_ty="-298.275848"/>
  </frame>
  <frame idx="100" w="328" h="523" x="10.896545" y="-122.275848">
   <element name="fruit" layername="frui" frame="2" z_index="3" m_a="1.000000" m_b="0.000000" m_c="0.000000" m_d="1.000000" m_tx="-143.103455" m_ty="-298.275848"/>
  </frame>
  <frame idx="125" w="328" h="523" x="10.896545" y="-122.275848">
   <element name="fruit" layername="frui" frame="2" z_index="3" m_a="1.000000" m_b="0.000000" m_c="0.000000" m_d="1.000000" m_tx="-143.103455" m_ty="-298.275848"/>
  </frame>
  <frame idx="150" w="328" h="523" x="10.896545" y="-122.275848">
   <element name="fruit" layername="frui" frame="2" z_index="3" m_a="1.000000" m_b="0.000000" m_c="0.000000" m_d="1.000000" m_tx="-143.103455" m_ty="-298.275848"/>
  </frame>
  <frame idx="175" w="328" h="523" x="10.896545" y="-122.275848">
   <element name="fruit" layername="frui" frame="2" z_index="3" m_a="1.000000" m_b="0.000000" m_c="0.000000" m_d="1.000000" m_tx="-143.103455" m_ty="-298.275848"/>
  </frame>
  <frame idx="200" w="328" h="523" x="10.896545" y="-122.275848">
   <element name="fruit" layername="frui" frame="2" z_index="3" m_a="1.000000" m_b="0.000000" m_c="0.000000" m_d="1.000000" m_tx="-143.103455" m_ty="-298.275848"/>
  </frame>
  <frame idx="225" w="328" h="523" x="10.896545" y="-122.275848">
   <element name="fruit" layername="frui" frame="2" z_index="3" m_a="1.000000" m_b="0.000000" m_c="0.000000" m_d="1.000000" m_tx="-143.103455" m_ty="-298.275848"/>
  </frame>
  <frame idx="250" w="328" h="523" x="10.896545" y="-122.275848">
   <element name="fruit" layername="frui" frame="2" z_index="3" m_a="1.000000" m_b="0.000000" m_c="0.000000" m_d="1.000000" m_tx="-143.103455" m_ty="-298.275848"/>
  </frame>
  <frame idx="275" w="328" h="523" x="10.896545" y="-122.275848">
   <element name="fruit" layername="frui" frame="2" z_index="3" m_a="1.000000" m_b="0.000000" m_c="0.000000" m_d="1.000000" m_tx="-143.103455" m_ty="-298.275848"/>
  </frame>
  <frame idx="300" w="328" h="523" x="10.896545" y="-122.275848">
   <element name="fruit" layername="frui" frame="2" z_index="3" m_a="1.000000" m_b="0.000000" m_c="0.000000" m_d="1.000000" m_tx="-143.103455" m_ty="-298.275848"/>
  </frame>
  <frame idx="325" w="328" h="523" x="10.896545" y="-122.275848">
   <element name="fruit" layername="frui" frame="2" z_index="3" m_a="1.000000" m_b="0.000000" m_c="0.000000" m_d="1.000000" m_tx="-143.103455" m_ty="-298.275848"/>
  </frame>
  <frame idx="350" w="328" h="523" x="10.896545" y="-122.275848">
   <element name="fruit" layername="frui" frame="2" z_index="3" m_a="1.000000" m_b="0.000000" m_c="0.000000" m_d="1.000000" m_tx="-143.103455" m_ty="-298.275848"/>
  </frame>
  <frame idx="375" w="328" h="523" x="10.896545" y="-122.275848">
   <element name="fruit" layername="frui" frame="2" z_index="3" m_a="1.000000" m_b="0.000000" m_c="0.000000" m_d="1.000000" m_tx="-143.103455" m_ty="-298.275848"/>
  </frame>
  <frame idx="400" w="328" h="523" x="10.896545" y="-122.275848">
   <element name="fruit" layername="frui" frame="2" z_index="3" m_a="1.000000" m_b="0.000000" m_c="0.000000" m_d="1.000000" m_tx="-143.103455" m_ty="-298.275848"/>
  </frame>
  <frame idx="425" w="328" h="523" x="10.896545" y="-122.275848">
   <element name="fruit" layername="frui" frame="2" z_index="3" m_a="1.000000" m_b="0.000000" m_c="0.000000" m_d="1.000000" m_tx="-143.103455" m_ty="-298.275848"/>
  </frame>
  <frame idx="450" w="328" h="523" x="10.896545" y="-122.275848">
   <element name="fruit" layername="frui" frame="2" z_index="3" m_a="1.000000" m_b="0.000000" m_c="0.000000" m_d="1.000000" m_tx="-143.103455" m_ty="-298.275848"/>
  </frame>
  <frame idx="475" w="328" h="523" x="10.896545" y="-122.275848">
   <element name="fruit" layername="frui" frame="2" z_index="3" m_a="1.000000" m_b="0.000000" m_c="0.000000" m_d="1.000000" m_tx="-143.103455" m_ty="-298.275848"/>
  </frame>
  <frame idx="500" w="328" h="523" x="10.896545" y="-122.275848">
   <element name="fruit" layername="frui" frame="2" z_index="3" m_a="1.000000" m_b="0.000000" m_c="0.000000" m_d="1.000000" m_tx="-143.103455" m_ty="-298.275848"/>
  </frame>
  <frame idx="525" w="328" h="523" x="10.896545" y="-122.275848">
   <element name="fruit" layername="frui" frame="2" z_index="3" m_a="1.000000" m_b="0.000000" m_c="0.000000" m_d="1.000000" m_tx="-143.103455" m_ty="-298.275848"/>
  </frame>
  <frame idx="550" w="328" h="523" x="10.896545" y="-122.275848">
   <element name="fruit" layername="frui" frame="2" z_index="3" m_a="1.000000" m_b="0.000000" m_c="0.000000" m_d="1.000000" m_tx="-143.103455" m_ty="-298.275848"/>
  </frame>
  <frame idx="575" w="328" h="523" x="10.896545" y="-122.275848">
   <element name="fruit" layername="frui" frame="2" z_index="3" m_a="1.000000" m_b="0.000000" m_c="0.000000" m_d="1.000000" m_tx="-143.103455" m_ty="-298.275848"/>
  </frame>
  <frame idx="600" w="328" h="523" x="10.896545" y="-122.275848">
   <element name="fruit" layername="frui" frame="2" z_index="3" m_a="1.000000" m_b="0.000000" m_c="0.000000" m_d="1.000000" m_tx="-143.103455" m_ty="-298.275848"/>
  </frame>
  <frame idx="625" w="328" h="523" x="10.896545" y="-122.275848">
   <element name="fruit" layername="frui" frame="2" z_index="3" m_a="1.000000" m_b="0.000000" m_c="0.000000" m_d="1.000000" m_tx="-143.103455" m_ty="-298.275848"/>
  </frame>
  <frame idx="650" w="328" h="523" x="10.896545" y="-122.275848">
   <element name="fruit" layername="frui" frame="2" z_index="3" m_a="1.000000" m_b="0.000000" m_c="0.000000" m_d="1.000000" m_tx="-143.103455" m_ty="-298.275848"/>
  </frame>
  <frame idx="675" w="328" h="523" x="10.896545" y="-122.275848">
   <element name="fruit" layername="frui" frame="2" z_index="3" m_a="1.000000" m_b="0.000000" m_c="0.000000" m_d="1.000000" m_tx="-143.103455" m_ty="-298.275848"/>
  </frame>
  <frame idx="700" w="328" h="523" x="10.896545" y="-122.275848">
   <element name="fruit" layername="frui" frame="2" z_index="3" m_a="1.000000" m_b="0.000000" m_c="0.000000" m_d="1.000000" m_tx="-143.103455" m_ty="-298.275848"/>
  </frame>
  <frame idx="725" w="328" h="523" x="10.896545" y="-122.275848">
   <element name="fruit" layername="frui" frame="2" z_index="3" m_a="1.000000" m_b="0.000000" m_c="0.000000" m_d="1.000000" m_tx="-143.103455" m_ty="-298.275848"/>
  </frame>
  <frame idx="750" w="328" h="523" x="10.896545" y="-122.275848">
   <element name="fruit" layername="frui" frame="2" z_index="3" m_a="1.000000" m_b="0.000000" m_c="0.000000" m_d="1.000000" m_tx="-143.103455" m_ty="-298.275848"/>
  </frame>
  <frame idx="775" w="328" h="523" x="10.896545" y="-122.275848">
   <element name="fruit" layername="frui" frame="2" z_index="3" m_a="1.000000" m_b="0.000000" m_c="0.000000" m_d="1.000000" m_tx="-143.103455" m_ty="-298.275848"/>
  </frame>
  <frame idx="800" w="328" h="523" x="10.896545" y="-122.275848">
   <element name="fruit" layername="frui" frame="2" z_index="3" m_a="1.000000" m_b="0.000000" m_c="0.000000" m_d="1.000000" m_tx="-143.103455" m_ty="-298.275848"/>
  </frame>
  <frame idx="825" w="328" h="523" x="10.896545" y="-122.275848">
   <element name="fruit" layername="frui" frame="2" z_index="3" m_a="1.000000" m_b="0.000000" m_c="0.000000" m_d="1.000000" m_tx="-143.103455" m_ty="-298.275848"/>
  </frame>
  <frame idx="850" w="328" h="523" x="10.896545" y="-122.275848">
   <element name="fruit" layername="frui" frame="2" z_index="3" m_a="1.000000" m_b="0.000000" m_c="0.000000" m_d="1.000000" m_tx="-143.103455" m_ty="-298.275848"/>
  </frame>
  <frame idx="875" w="328" h="523" x="10.896545" y="-122.275848">
   <element name="fruit" layername="frui" frame="2" z_index="3" m_a="1.000000" m_b="0.000000" m_c="0.000000" m_d="1.000000" m_tx="-143.103455" m_ty="-298.275848"/>
  </frame>
  <frame idx="900" w="328" h="523" x="10.896545" y="-122.275848">
   <element name="fruit" layername="frui" frame="2" z_index="3" m_a="1.000000" m_b="0.000000" m_c="0.000000" m_d="1.000000" m_tx="-143.103455" m_ty="-298.275848"/>
  </frame>
  <frame idx="925" w="328" h="523" x="10.896545" y="-122.275848">
   <element name="fruit" layername="frui" frame="2" z_index="3" m_a="1.000000" m_b="0.000000" m_c="0.000000" m_d="1.000000" m_tx="-143.103455" m_ty="-298.275848"/>
  </frame>
  <frame idx="950" w="328" h="523" x="10.896545" y="-122.275848">
   <element name="fruit" layername="frui" frame="2" z_index="3" m_a="1.000000" m_b="0.000000" m_c="0.000000" m_d="1.000000" m_tx="-143.103455" m_ty="-298.275848"/>
  </frame>
  <frame idx="975" w="328" h="523" x="10.896545" y="-122.275848">
   <element name="fruit" layername="frui" frame="2" z_index="3" m_a="1.000000" m_b="0.000000" m_c="0.000000" m_d="1.000000" m_tx="-143.103455" m_ty="-298.275848"/>
  </frame>
 </anim>
</Anims>
