<Anims>
 <anim name="idle" root="radioactive_barrel" numframes="200" framerate="40">
  <frame idx="0" w="302" h="449" x="-9.574524" y="-98.511353">
   <element name="barrel" layername="barrel" frame="1" z_index="2" m_a="1.000000" m_b="0.000000" m_c="0.000000" m_d="1.000000" m_tx="19.650000" m_ty="-17.799000"/>
  </frame>
  <frame idx="25" w="302" h="449" x="-9.574524" y="-98.511353">
   <element name="barrel" layername="barrel" frame="1" z_index="2" m_a="1.000000" m_b="0.000000" m_c="0.000000" m_d="1.000000" m_tx="19.650000" m_ty="-17.799000"/>
  </frame>
  <frame idx="50" w="302" h="449" x="-9.574524" y="-98.511353">
   <element name="barrel" layername="barrel" frame="1" z_index="2" m_a="1.000000" m_b="0.000000" m_c="0.000000" m_d="1.000000" m_tx="19.650000" m_ty="-17.799000"/>
  </frame>
  <frame idx="75" w="302" h="449" x="-9.574524" y="-98.511353">
   <element name="barrel" layername="barrel" frame="1" z_index="2" m_a="1.000000" m_b="0.000000" m_c="0.000000" m_d="1.000000" m_tx="19.650000" m_ty="-17.799000"/>
  </frame>
  <frame idx="100" w="302" h="449" x="-9.574524" y="-98.511353">
   <element name="barrel" layername="barrel" frame="1" z_index="2" m_a="1.000000" m_b="0.000000" m_c="0.000000" m_d="1.000000" m_tx="19.650000" m_ty="-17.799000"/>
  </frame>
  <frame idx="125" w="302" h="449" x="-9.574524" y="-98.511353">
   <element name="barrel" layername="barrel" frame="1" z_index="2" m_a="1.000000" m_b="0.000000" m_c="0.000000" m_d="1.000000" m_tx="19.650000" m_ty="-17.799000"/>
  </frame>
  <frame idx="150" w="302" h="449" x="-9.574524" y="-98.511353">
   <element name="barrel" layername="barrel" frame="1" z_index="2" m_a="1.000000" m_b="0.000000" m_c="0.000000" m_d="1.000000" m_tx="19.650000" m_ty="-17.799000"/>
  </frame>
  <frame idx="175" w="302" h="449" x="-9.574524" y="-98.511353">
   <element name="barrel" layername="barrel" frame="1" z_index="2" m_a="1.000000" m_b="0.000000" m_c="0.000000" m_d="1.000000" m_tx="19.650000" m_ty="-17.799000"/>
  </frame>
 </anim>
 <anim name="idle_water" root="radioactive_barrel" numframes="1200" framerate="40">
  <frame idx="0" w="306" h="244" x="-5.199493" y="-29.239639">
   <element name="barrel" layername="barrel" frame="0" z_index="2" m_a="1.000000" m_b="0.000000" m_c="0.000000" m_d="1.000000" m_tx="4.750000" m_ty="-19.249001"/>
  </frame>
  <frame idx="25" w="306" h="242" x="-5.146500" y="-29.063011">
   <element name="barrel" layername="barrel" frame="0" z_index="2" m_a="1.000390" m_b="0.000000" m_c="0.000000" m_d="0.999540" m_tx="4.750000" m_ty="-19.028412"/>
  </frame>
  <frame idx="50" w="306" h="242" x="-5.091812" y="-28.883598">
   <element name="barrel" layername="barrel" frame="0" z_index="2" m_a="1.000792" m_b="0.000000" m_c="0.000000" m_d="0.999064" m_tx="4.750000" m_ty="-18.803545"/>
  </frame>
  <frame idx="75" w="306" h="242" x="-5.036499" y="-28.702309">
   <element name="barrel" layername="barrel" frame="0" z_index="2" m_a="1.001199" m_b="0.000000" m_c="0.000000" m_d="0.998582" m_tx="4.750000" m_ty="-18.576273"/>
  </frame>
  <frame idx="100" w="306" h="242" x="-4.981888" y="-28.520325">
   <element name="barrel" layername="barrel" frame="0" z_index="2" m_a="1.001600" m_b="0.000000" m_c="0.000000" m_d="0.998108" m_tx="4.750000" m_ty="-18.349001"/>
  </frame>
  <frame idx="125" w="306" h="241" x="-4.927887" y="-28.344749">
   <element name="barrel" layername="barrel" frame="0" z_index="2" m_a="1.001997" m_b="0.000000" m_c="0.000000" m_d="0.997637" m_tx="4.750000" m_ty="-18.128412"/>
  </frame>
  <frame idx="150" w="306" h="241" x="-4.872177" y="-28.140831">
   <element name="barrel" layername="barrel" frame="0" z_index="2" m_a="1.002407" m_b="0.000000" m_c="0.000000" m_d="0.997163" m_tx="4.750000" m_ty="-17.879303"/>
  </frame>
  <frame idx="175" w="306" h="241" x="-4.816177" y="-27.933411">
   <element name="barrel" layername="barrel" frame="0" z_index="2" m_a="1.002818" m_b="0.000000" m_c="0.000000" m_d="0.996686" m_tx="4.750000" m_ty="-17.626272"/>
  </frame>
  <frame idx="200" w="306" h="241" x="-4.761581" y="-27.752449">
   <element name="barrel" layername="barrel" frame="0" z_index="2" m_a="1.003220" m_b="0.000000" m_c="0.000000" m_d="0.996201" m_tx="4.750000" m_ty="-17.399000"/>
  </frame>
  <frame idx="225" w="306" h="240" x="-4.708588" y="-27.575813">
   <element name="barrel" layername="barrel" frame="0" z_index="2" m_a="1.003610" m_b="0.000000" m_c="0.000000" m_d="0.995741" m_tx="4.750000" m_ty="-17.178413"/>
  </frame>
  <frame idx="250" w="306" h="240" x="-4.653900" y="-27.396446">
   <element name="barrel" layername="barrel" frame="0" z_index="2" m_a="1.004012" m_b="0.000000" m_c="0.000000" m_d="0.995264" m_tx="4.750000" m_ty="-16.953547"/>
  </frame>
  <frame idx="275" w="306" h="240" x="-4.598572" y="-27.215202">
   <element name="barrel" layername="barrel" frame="0" z_index="2" m_a="1.004418" m_b="0.000000" m_c="0.000000" m_d="0.994782" m_tx="4.750000" m_ty="-16.726273"/>
  </frame>
  <frame idx="300" w="306" h="239" x="-4.543976" y="-27.033226">
   <element name="barrel" layername="barrel" frame="0" z_index="2" m_a="1.004820" m_b="0.000000" m_c="0.000000" m_d="0.994308" m_tx="4.750000" m_ty="-16.499001"/>
  </frame>
  <frame idx="325" w="306" h="239" x="-4.489975" y="-26.856522">
   <element name="barrel" layername="barrel" frame="0" z_index="2" m_a="1.005217" m_b="0.000000" m_c="0.000000" m_d="0.993848" m_tx="4.750000" m_ty="-16.278412"/>
  </frame>
  <frame idx="350" w="306" h="239" x="-4.435577" y="-26.677139">
   <element name="barrel" layername="barrel" frame="0" z_index="2" m_a="1.005617" m_b="0.000000" m_c="0.000000" m_d="0.993372" m_tx="4.750000" m_ty="-16.053545"/>
  </frame>
  <frame idx="375" w="307" h="239" x="-4.380981" y="-26.495895">
   <element name="barrel" layername="barrel" frame="0" z_index="2" m_a="1.006019" m_b="0.000000" m_c="0.000000" m_d="0.992890" m_tx="4.750000" m_ty="-15.826273"/>
  </frame>
  <frame idx="400" w="307" h="238" x="-4.326370" y="-26.313904">
   <element name="barrel" layername="barrel" frame="0" z_index="2" m_a="1.006420" m_b="0.000000" m_c="0.000000" m_d="0.992416" m_tx="4.750000" m_ty="-15.599000"/>
  </frame>
  <frame idx="425" w="307" h="238" x="-4.272369" y="-26.138268">
   <element name="barrel" layername="barrel" frame="0" z_index="2" m_a="1.006817" m_b="0.000000" m_c="0.000000" m_d="0.991945" m_tx="4.750000" m_ty="-15.378411"/>
  </frame>
  <frame idx="450" w="307" h="238" x="-4.216660" y="-25.934319">
   <element name="barrel" layername="barrel" frame="0" z_index="2" m_a="1.007227" m_b="0.000000" m_c="0.000000" m_d="0.991472" m_tx="4.750000" m_ty="-15.129303"/>
  </frame>
  <frame idx="475" w="307" h="238" x="-4.160660" y="-25.726929">
   <element name="barrel" layername="barrel" frame="0" z_index="2" m_a="1.007638" m_b="0.000000" m_c="0.000000" m_d="0.990995" m_tx="4.750000" m_ty="-14.876273"/>
  </frame>
  <frame idx="500" w="307" h="237" x="-4.106064" y="-25.546036">
   <element name="barrel" layername="barrel" frame="0" z_index="2" m_a="1.008040" m_b="0.000000" m_c="0.000000" m_d="0.990509" m_tx="4.750000" m_ty="-14.649000"/>
  </frame>
  <frame idx="525" w="307" h="237" x="-4.052063" y="-25.369400">
   <element name="barrel" layername="barrel" frame="0" z_index="2" m_a="1.008437" m_b="0.000000" m_c="0.000000" m_d="0.990049" m_tx="4.750000" m_ty="-14.428411"/>
  </frame>
  <frame idx="550" w="307" h="237" x="-3.997665" y="-25.189987">
   <element name="barrel" layername="barrel" frame="0" z_index="2" m_a="1.008837" m_b="0.000000" m_c="0.000000" m_d="0.989573" m_tx="4.750000" m_ty="-14.203546"/>
  </frame>
  <frame idx="575" w="307" h="236" x="-3.943054" y="-25.008698">
   <element name="barrel" layername="barrel" frame="0" z_index="2" m_a="1.009238" m_b="0.000000" m_c="0.000000" m_d="0.989091" m_tx="4.750000" m_ty="-13.976273"/>
  </frame>
  <frame idx="600" w="307" h="236" x="-3.888458" y="-24.826714">
   <element name="barrel" layername="barrel" frame="0" z_index="2" m_a="1.009640" m_b="0.000000" m_c="0.000000" m_d="0.988617" m_tx="4.750000" m_ty="-13.749000"/>
  </frame>
  <frame idx="625" w="307" h="236" x="-3.944458" y="-25.000191">
   <element name="barrel" layername="barrel" frame="0" z_index="2" m_a="1.009228" m_b="0.000000" m_c="0.000000" m_d="0.989110" m_tx="4.750000" m_ty="-13.969588"/>
  </frame>
  <frame idx="650" w="307" h="237" x="-4.002197" y="-25.201218">
   <element name="barrel" layername="barrel" frame="0" z_index="2" m_a="1.008804" m_b="0.000000" m_c="0.000000" m_d="0.989614" m_tx="4.750000" m_ty="-14.218697"/>
  </frame>
  <frame idx="675" w="307" h="237" x="-4.061249" y="-25.417770">
   <element name="barrel" layername="barrel" frame="0" z_index="2" m_a="1.008369" m_b="0.000000" m_c="0.000000" m_d="0.990123" m_tx="4.750000" m_ty="-14.483849"/>
  </frame>
  <frame idx="700" w="307" h="237" x="-4.121002" y="-25.634377">
   <element name="barrel" layername="barrel" frame="0" z_index="2" m_a="1.007930" m_b="0.000000" m_c="0.000000" m_d="0.990631" m_tx="4.750000" m_ty="-14.749000"/>
  </frame>
  <frame idx="725" w="307" h="238" x="-4.177002" y="-25.807846">
   <element name="barrel" layername="barrel" frame="0" z_index="2" m_a="1.007518" m_b="0.000000" m_c="0.000000" m_d="0.991124" m_tx="4.750000" m_ty="-14.969588"/>
  </frame>
  <frame idx="750" w="307" h="238" x="-4.234100" y="-25.985336">
   <element name="barrel" layername="barrel" frame="0" z_index="2" m_a="1.007098" m_b="0.000000" m_c="0.000000" m_d="0.991621" m_tx="4.750000" m_ty="-15.194454"/>
  </frame>
  <frame idx="775" w="307" h="238" x="-4.292130" y="-26.176865">
   <element name="barrel" layername="barrel" frame="0" z_index="2" m_a="1.006672" m_b="0.000000" m_c="0.000000" m_d="0.992122" m_tx="4.750000" m_ty="-15.433848"/>
  </frame>
  <frame idx="800" w="307" h="238" x="-4.350845" y="-26.393471">
   <element name="barrel" layername="barrel" frame="0" z_index="2" m_a="1.006240" m_b="0.000000" m_c="0.000000" m_d="0.992630" m_tx="4.750000" m_ty="-15.699000"/>
  </frame>
  <frame idx="825" w="306" h="239" x="-4.406845" y="-26.566948">
   <element name="barrel" layername="barrel" frame="0" z_index="2" m_a="1.005828" m_b="0.000000" m_c="0.000000" m_d="0.993123" m_tx="4.750000" m_ty="-15.919588"/>
  </frame>
  <frame idx="850" w="306" h="239" x="-4.440353" y="-26.767975">
   <element name="barrel" layername="barrel" frame="0" z_index="2" m_a="1.005404" m_b="0.000000" m_c="0.000000" m_d="0.993627" m_tx="4.774242" m_ty="-16.168697"/>
  </frame>
  <frame idx="875" w="306" h="239" x="-4.473663" y="-26.972412">
   <element name="barrel" layername="barrel" frame="0" z_index="2" m_a="1.004969" m_b="0.000000" m_c="0.000000" m_d="0.994136" m_tx="4.800000" m_ty="-16.421728"/>
  </frame>
  <frame idx="900" w="306" h="240" x="-4.533417" y="-27.151138">
   <element name="barrel" layername="barrel" frame="0" z_index="2" m_a="1.004530" m_b="0.000000" m_c="0.000000" m_d="0.994644" m_tx="4.800000" m_ty="-16.649000"/>
  </frame>
  <frame idx="925" w="306" h="240" x="-4.626190" y="-27.361305">
   <element name="barrel" layername="barrel" frame="0" z_index="2" m_a="1.004118" m_b="0.000000" m_c="0.000000" m_d="0.995138" m_tx="4.763236" m_ty="-16.906353"/>
  </frame>
  <frame idx="950" w="306" h="240" x="-4.697174" y="-27.551346">
   <element name="barrel" layername="barrel" frame="0" z_index="2" m_a="1.003694" m_b="0.000000" m_c="0.000000" m_d="0.995641" m_tx="4.750000" m_ty="-17.144455"/>
  </frame>
  <frame idx="975" w="306" h="241" x="-4.755569" y="-27.742195">
   <element name="barrel" layername="barrel" frame="0" z_index="2" m_a="1.003264" m_b="0.000000" m_c="0.000000" m_d="0.996150" m_tx="4.750000" m_ty="-17.383848"/>
  </frame>
  <frame idx="1000" w="306" h="241" x="-4.813248" y="-27.958801">
   <element name="barrel" layername="barrel" frame="0" z_index="2" m_a="1.002840" m_b="0.000000" m_c="0.000000" m_d="0.996658" m_tx="4.750000" m_ty="-17.649000"/>
  </frame>
  <frame idx="1025" w="306" h="241" x="-4.870255" y="-28.133316">
   <element name="barrel" layername="barrel" frame="0" z_index="2" m_a="1.002421" m_b="0.000000" m_c="0.000000" m_d="0.997140" m_tx="4.750000" m_ty="-17.869587"/>
  </frame>
  <frame idx="1050" w="306" h="241" x="-4.927689" y="-28.358971">
   <element name="barrel" layername="barrel" frame="0" z_index="2" m_a="1.001999" m_b="0.000000" m_c="0.000000" m_d="0.997640" m_tx="4.750000" m_ty="-18.142939"/>
  </frame>
  <frame idx="1075" w="306" h="242" x="-4.986053" y="-28.577049">
   <element name="barrel" layername="barrel" frame="0" z_index="2" m_a="1.001569" m_b="0.000000" m_c="0.000000" m_d="0.998149" m_tx="4.750000" m_ty="-18.409607"/>
  </frame>
  <frame idx="1100" w="306" h="242" x="-5.045822" y="-28.717896">
   <element name="barrel" layername="barrel" frame="0" z_index="2" m_a="1.001130" m_b="0.000000" m_c="0.000000" m_d="0.998657" m_tx="4.750000" m_ty="-18.599001"/>
  </frame>
  <frame idx="1125" w="306" h="242" x="-5.102798" y="-28.928062">
   <element name="barrel" layername="barrel" frame="0" z_index="2" m_a="1.000711" m_b="0.000000" m_c="0.000000" m_d="0.999151" m_tx="4.750000" m_ty="-18.856352"/>
  </frame>
  <frame idx="1150" w="306" h="244" x="-5.160263" y="-29.118103">
   <element name="barrel" layername="barrel" frame="0" z_index="2" m_a="1.000288" m_b="0.000000" m_c="0.000000" m_d="0.999654" m_tx="4.750000" m_ty="-19.094454"/>
  </frame>
  <frame idx="1175" w="306" h="244" x="-5.199493" y="-29.239639">
   <element name="barrel" layername="barrel" frame="0" z_index="2" m_a="1.000000" m_b="0.000000" m_c="0.000000" m_d="1.000000" m_tx="4.750000" m_ty="-19.249001"/>
  </frame>
 </anim>
</Anims>
