<Anims>
 <anim name="close" root="status_meter" numframes="200" framerate="40">
  <frame idx="0" w="81" h="84" x="-3.061615" y="-3.689194">
   <element name="icon" layername="icon" frame="0" z_index="3" m_a="0.925174" m_b="0.000000" m_c="0.000000" m_d="0.925174" m_tx="-0.255640" m_ty="-0.770979"/>
   <element name="bg" layername="bg" frame="0" z_index="4" m_a="0.866669" m_b="0.000000" m_c="0.000000" m_d="0.866669" m_tx="0.000000" m_ty="0.000000"/>
  </frame>
  <frame idx="25" w="81" h="82" x="-3.061615" y="-5.582451">
   <element name="icon" layername="icon" frame="0" z_index="3" m_a="0.925174" m_b="0.000000" m_c="0.000000" m_d="0.876629" m_tx="-0.255640" m_ty="-0.770979"/>
   <element name="bg" layername="bg" frame="0" z_index="4" m_a="0.865052" m_b="0.000000" m_c="0.000000" m_d="0.834192" m_tx="0.000000" m_ty="0.000000"/>
  </frame>
  <frame idx="50" w="81" h="81" x="-3.061615" y="-7.475704">
   <element name="icon" layername="icon" frame="0" z_index="3" m_a="0.925174" m_b="0.000000" m_c="0.000000" m_d="0.828084" m_tx="-0.255640" m_ty="-0.770979"/>
   <element name="bg" layername="bg" frame="0" z_index="4" m_a="0.861281" m_b="0.000000" m_c="0.000000" m_d="0.758438" m_tx="0.000000" m_ty="0.000000"/>
  </frame>
  <frame idx="75" w="81" h="75" x="-3.061615" y="-11.657967">
   <element name="icon" layername="icon" frame="0" z_index="3" m_a="0.925174" m_b="0.000000" m_c="0.000000" m_d="0.720847" m_tx="-0.255640" m_ty="-0.770979"/>
   <element name="bg" layername="bg" frame="0" z_index="4" m_a="0.855320" m_b="0.000000" m_c="0.000000" m_d="0.638696" m_tx="0.000000" m_ty="0.000000"/>
  </frame>
  <frame idx="100" w="81" h="66" x="-3.061615" y="-19.871855">
   <element name="icon" layername="icon" frame="0" z_index="3" m_a="0.925174" m_b="0.000000" m_c="0.000000" m_d="0.510234" m_tx="-0.255640" m_ty="-0.770979"/>
   <element name="bg" layername="bg" frame="0" z_index="4" m_a="0.846298" m_b="0.000000" m_c="0.000000" m_d="0.457446" m_tx="0.000000" m_ty="0.000000"/>
  </frame>
  <frame idx="125" w="81" h="54" x="-3.061615" y="-30.688719">
   <element name="icon" layername="icon" frame="0" z_index="3" m_a="0.925174" m_b="0.000000" m_c="0.000000" m_d="0.186808" m_tx="-0.255640" m_ty="-0.770979"/>
   <element name="bg" layername="bg" frame="0" z_index="4" m_a="0.832599" m_b="0.000000" m_c="0.000000" m_d="0.182258" m_tx="0.000000" m_ty="0.000000"/>
  </frame>
  <frame idx="150" w="81" h="58" x="-3.061615" y="-27.599239">
   <element name="icon" layername="icon" frame="0" z_index="3" m_a="0.925174" m_b="0.000000" m_c="0.000000" m_d="0.276029" m_tx="-0.255640" m_ty="-0.770979"/>
   <element name="bg" layername="bg" frame="0" z_index="4" m_a="0.837122" m_b="0.000000" m_c="0.000000" m_d="0.273125" m_tx="0.000000" m_ty="0.000000"/>
  </frame>
  <frame idx="175" w="81" h="71" x="-3.061615" y="-15.739805">
   <element name="icon" layername="icon" frame="0" z_index="3" m_a="0.925174" m_b="0.000000" m_c="0.000000" m_d="0.616184" m_tx="-0.255640" m_ty="-0.770979"/>
   <element name="bg" layername="bg" frame="0" z_index="4" m_a="0.851896" m_b="0.000000" m_c="0.000000" m_d="0.569897" m_tx="0.000000" m_ty="0.000000"/>
  </frame>
 </anim>
 <anim name="open" root="status_meter" numframes="200" framerate="40">
  <frame idx="0" w="83" h="50" x="-0.144123" y="-33.728546">
   <element name="icon" layername="icon" frame="0" z_index="3" m_a="0.990165" m_b="0.000000" m_c="0.000000" m_d="0.047989" m_tx="0.224689" m_ty="-0.114083"/>
   <element name="bg" layername="bg" frame="0" z_index="4" m_a="0.827667" m_b="0.000000" m_c="0.000000" m_d="0.083191" m_tx="0.000000" m_ty="0.000000"/>
  </frame>
  <frame idx="25" w="83" h="55" x="-0.144123" y="-29.106689">
   <element name="icon" layername="icon" frame="0" z_index="3" m_a="0.990165" m_b="0.000000" m_c="0.000000" m_d="0.229678" m_tx="0.224689" m_ty="-0.114083"/>
   <element name="bg" layername="bg" frame="0" z_index="4" m_a="0.840429" m_b="0.000000" m_c="0.000000" m_d="0.219128" m_tx="0.000000" m_ty="0.000000"/>
  </frame>
  <frame idx="50" w="83" h="73" x="-0.144123" y="-12.923515">
   <element name="icon" layername="icon" frame="0" z_index="3" m_a="0.990165" m_b="0.000000" m_c="0.000000" m_d="0.671553" m_tx="0.224689" m_ty="-0.114083"/>
   <element name="bg" layername="bg" frame="0" z_index="4" m_a="0.874006" m_b="0.000000" m_c="0.000000" m_d="0.576786" m_tx="0.000000" m_ty="0.000000"/>
  </frame>
  <frame idx="75" w="83" h="91" x="-0.144123" y="2.774654">
   <element name="icon" layername="icon" frame="0" z_index="3" m_a="0.990165" m_b="0.000000" m_c="0.000000" m_d="1.074070" m_tx="0.224689" m_ty="-0.114083"/>
   <element name="bg" layername="bg" frame="0" z_index="4" m_a="0.898343" m_b="0.000000" m_c="0.000000" m_d="0.886911" m_tx="0.000000" m_ty="0.000000"/>
  </frame>
  <frame idx="100" w="83" h="88" x="-0.144123" y="1.202049">
   <element name="icon" layername="icon" frame="0" z_index="3" m_a="0.990165" m_b="0.000000" m_c="0.000000" m_d="1.033747" m_tx="0.224689" m_ty="-0.114083"/>
   <element name="bg" layername="bg" frame="0" z_index="4" m_a="0.882180" m_b="0.000000" m_c="0.000000" m_d="0.882180" m_tx="0.000000" m_ty="0.000000"/>
  </frame>
  <frame idx="125" w="83" h="88" x="-0.144123" y="1.202049">
   <element name="icon" layername="icon" frame="0" z_index="3" m_a="0.990165" m_b="0.000000" m_c="0.000000" m_d="1.033747" m_tx="0.224689" m_ty="-0.114083"/>
   <element name="bg" layername="bg" frame="0" z_index="4" m_a="0.873573" m_b="0.000000" m_c="0.000000" m_d="0.873573" m_tx="0.000000" m_ty="0.000000"/>
  </frame>
  <frame idx="150" w="83" h="88" x="-0.144123" y="1.202049">
   <element name="icon" layername="icon" frame="0" z_index="3" m_a="0.990165" m_b="0.000000" m_c="0.000000" m_d="1.033747" m_tx="0.224689" m_ty="-0.114083"/>
   <element name="bg" layername="bg" frame="0" z_index="4" m_a="0.868629" m_b="0.000000" m_c="0.000000" m_d="0.868629" m_tx="0.000000" m_ty="0.000000"/>
  </frame>
  <frame idx="175" w="83" h="88" x="-0.144123" y="1.202049">
   <element name="icon" layername="icon" frame="0" z_index="3" m_a="0.990165" m_b="0.000000" m_c="0.000000" m_d="1.033747" m_tx="0.224689" m_ty="-0.114083"/>
   <element name="bg" layername="bg" frame="0" z_index="4" m_a="0.866669" m_b="0.000000" m_c="0.000000" m_d="0.866669" m_tx="0.000000" m_ty="0.000000"/>
  </frame>
 </anim>
</Anims>
