<Anims>
 <anim name="anim_90s" root="raritanium_crystals" numframes="50" framerate="40">
  <frame idx="0" w="656" h="652" x="4.525787" y="-127.623596">
   <element name="symbol_8643c046" layername="roc" frame="0" z_index="4" m_a="1.000000" m_b="0.000000" m_c="0.000000" m_d="1.000000" m_tx="1.500000" m_ty="-89.698997"/>
  </frame>
  <frame idx="25" w="656" h="652" x="4.525787" y="-127.623596">
   <element name="symbol_8643c046" layername="roc" frame="0" z_index="4" m_a="1.000000" m_b="0.000000" m_c="0.000000" m_d="1.000000" m_tx="1.500000" m_ty="-89.698997"/>
  </frame>
 </anim>
 <anim name="full_90s" root="raritanium_crystals" numframes="200" framerate="40">
  <frame idx="0" w="656" h="652" x="4.525787" y="-127.623596">
   <element name="symbol_8643c046" layername="roc" frame="0" z_index="4" m_a="1.000000" m_b="0.000000" m_c="0.000000" m_d="1.000000" m_tx="1.500000" m_ty="-89.698997"/>
  </frame>
  <frame idx="25" w="656" h="652" x="4.525787" y="-127.623596">
   <element name="symbol_8643c046" layername="roc" frame="0" z_index="4" m_a="1.000000" m_b="0.000000" m_c="0.000000" m_d="1.000000" m_tx="1.500000" m_ty="-89.698997"/>
  </frame>
  <frame idx="50" w="656" h="652" x="4.525787" y="-127.623596">
   <element name="symbol_8643c046" layername="roc" frame="0" z_index="4" m_a="1.000000" m_b="0.000000" m_c="0.000000" m_d="1.000000" m_tx="1.500000" m_ty="-89.698997"/>
  </frame>
  <frame idx="75" w="656" h="652" x="4.525787" y="-127.623596">
   <element name="symbol_8643c046" layername="roc" frame="0" z_index="4" m_a="1.000000" m_b="0.000000" m_c="0.000000" m_d="1.000000" m_tx="1.500000" m_ty="-89.698997"/>
  </frame>
  <frame idx="100" w="656" h="652" x="4.525787" y="-127.623596">
   <element name="symbol_8643c046" layername="roc" frame="0" z_index="4" m_a="1.000000" m_b="0.000000" m_c="0.000000" m_d="1.000000" m_tx="1.500000" m_ty="-89.698997"/>
  </frame>
  <frame idx="125" w="656" h="652" x="4.525787" y="-127.623596">
   <element name="symbol_8643c046" layername="roc" frame="0" z_index="4" m_a="1.000000" m_b="0.000000" m_c="0.000000" m_d="1.000000" m_tx="1.500000" m_ty="-89.698997"/>
  </frame>
  <frame idx="150" w="656" h="652" x="4.525787" y="-127.623596">
   <element name="symbol_8643c046" layername="roc" frame="0" z_index="4" m_a="1.000000" m_b="0.000000" m_c="0.000000" m_d="1.000000" m_tx="1.500000" m_ty="-89.698997"/>
  </frame>
  <frame idx="175" w="656" h="652" x="4.525787" y="-127.623596">
   <element name="symbol_8643c046" layername="roc" frame="0" z_index="4" m_a="1.000000" m_b="0.000000" m_c="0.000000" m_d="1.000000" m_tx="1.500000" m_ty="-89.698997"/>
  </frame>
 </anim>
 <anim name="low_90s" root="raritanium_crystals" numframes="200" framerate="40">
  <frame idx="0" w="659" h="142" x="17.500580" y="27.126282">
   <element name="symbol_8643c046" layername="roc" frame="2" z_index="4" m_a="1.000000" m_b="0.000000" m_c="0.000000" m_d="1.000000" m_tx="1.500000" m_ty="-89.698997"/>
  </frame>
  <frame idx="25" w="659" h="142" x="17.500580" y="27.126282">
   <element name="symbol_8643c046" layername="roc" frame="2" z_index="4" m_a="1.000000" m_b="0.000000" m_c="0.000000" m_d="1.000000" m_tx="1.500000" m_ty="-89.698997"/>
  </frame>
  <frame idx="50" w="659" h="142" x="17.500580" y="27.126282">
   <element name="symbol_8643c046" layername="roc" frame="2" z_index="4" m_a="1.000000" m_b="0.000000" m_c="0.000000" m_d="1.000000" m_tx="1.500000" m_ty="-89.698997"/>
  </frame>
  <frame idx="75" w="659" h="142" x="17.500580" y="27.126282">
   <element name="symbol_8643c046" layername="roc" frame="2" z_index="4" m_a="1.000000" m_b="0.000000" m_c="0.000000" m_d="1.000000" m_tx="1.500000" m_ty="-89.698997"/>
  </frame>
  <frame idx="100" w="659" h="142" x="17.500580" y="27.126282">
   <element name="symbol_8643c046" layername="roc" frame="2" z_index="4" m_a="1.000000" m_b="0.000000" m_c="0.000000" m_d="1.000000" m_tx="1.500000" m_ty="-89.698997"/>
  </frame>
  <frame idx="125" w="659" h="142" x="17.500580" y="27.126282">
   <element name="symbol_8643c046" layername="roc" frame="2" z_index="4" m_a="1.000000" m_b="0.000000" m_c="0.000000" m_d="1.000000" m_tx="1.500000" m_ty="-89.698997"/>
  </frame>
  <frame idx="150" w="659" h="142" x="17.500580" y="27.126282">
   <element name="symbol_8643c046" layername="roc" frame="2" z_index="4" m_a="1.000000" m_b="0.000000" m_c="0.000000" m_d="1.000000" m_tx="1.500000" m_ty="-89.698997"/>
  </frame>
  <frame idx="175" w="659" h="142" x="17.500580" y="27.126282">
   <element name="symbol_8643c046" layername="roc" frame="2" z_index="4" m_a="1.000000" m_b="0.000000" m_c="0.000000" m_d="1.000000" m_tx="1.500000" m_ty="-89.698997"/>
  </frame>
 </anim>
 <anim name="med_90s" root="raritanium_crystals" numframes="200" framerate="40">
  <frame idx="0" w="655" h="361" x="5.175598" y="-39.198486">
   <element name="symbol_8643c046" layername="roc" frame="1" z_index="4" m_a="1.000000" m_b="0.000000" m_c="0.000000" m_d="1.000000" m_tx="1.500000" m_ty="-89.698997"/>
  </frame>
  <frame idx="25" w="655" h="361" x="5.175598" y="-39.198486">
   <element name="symbol_8643c046" layername="roc" frame="1" z_index="4" m_a="1.000000" m_b="0.000000" m_c="0.000000" m_d="1.000000" m_tx="1.500000" m_ty="-89.698997"/>
  </frame>
  <frame idx="50" w="655" h="361" x="5.175598" y="-39.198486">
   <element name="symbol_8643c046" layername="roc" frame="1" z_index="4" m_a="1.000000" m_b="0.000000" m_c="0.000000" m_d="1.000000" m_tx="1.500000" m_ty="-89.698997"/>
  </frame>
  <frame idx="75" w="655" h="361" x="5.175598" y="-39.198486">
   <element name="symbol_8643c046" layername="roc" frame="1" z_index="4" m_a="1.000000" m_b="0.000000" m_c="0.000000" m_d="1.000000" m_tx="1.500000" m_ty="-89.698997"/>
  </frame>
  <frame idx="100" w="655" h="361" x="5.175598" y="-39.198486">
   <element name="symbol_8643c046" layername="roc" frame="1" z_index="4" m_a="1.000000" m_b="0.000000" m_c="0.000000" m_d="1.000000" m_tx="1.500000" m_ty="-89.698997"/>
  </frame>
  <frame idx="125" w="655" h="361" x="5.175598" y="-39.198486">
   <element name="symbol_8643c046" layername="roc" frame="1" z_index="4" m_a="1.000000" m_b="0.000000" m_c="0.000000" m_d="1.000000" m_tx="1.500000" m_ty="-89.698997"/>
  </frame>
  <frame idx="150" w="655" h="361" x="5.175598" y="-39.198486">
   <element name="symbol_8643c046" layername="roc" frame="1" z_index="4" m_a="1.000000" m_b="0.000000" m_c="0.000000" m_d="1.000000" m_tx="1.500000" m_ty="-89.698997"/>
  </frame>
  <frame idx="175" w="655" h="361" x="5.175598" y="-39.198486">
   <element name="symbol_8643c046" layername="roc" frame="1" z_index="4" m_a="1.000000" m_b="0.000000" m_c="0.000000" m_d="1.000000" m_tx="1.500000" m_ty="-89.698997"/>
  </frame>
 </anim>
</Anims>
