<Anims>
 <anim name="anim_90s" root="nanoboost" numframes="50" framerate="40">
  <frame idx="0" w="247" h="163" x="4.300468" y="4.600471">
   <element name="symbol_e5abc48" layername="flowers" frame="0" z_index="1" m_a="1.000000" m_b="0.000000" m_c="0.000000" m_d="1.000000" m_tx="3.300000" m_ty="37.750000"/>
  </frame>
  <frame idx="25" w="247" h="163" x="4.300468" y="4.600471">
   <element name="symbol_e5abc48" layername="flowers" frame="0" z_index="1" m_a="1.000000" m_b="0.000000" m_c="0.000000" m_d="1.000000" m_tx="3.300000" m_ty="37.750000"/>
  </frame>
 </anim>
</Anims>
