<Anims>
 <anim name="close" root="ui_ratchet_1x1" numframes="150" framerate="40">
  <frame idx="0" w="149" h="125" x="-1.925041" y="5.781864">
   <element name="frame" layername="frame" frame="0" z_index="2" m_a="1.000000" m_b="0.000000" m_c="0.000000" m_d="0.934753" m_tx="0.000000" m_ty="0.000000"/>
  </frame>
  <frame idx="25" w="149" h="120" x="-1.925041" y="1.666317">
   <element name="frame" layername="frame" frame="0" z_index="2" m_a="1.000000" m_b="0.000000" m_c="0.000000" m_d="0.869941" m_tx="0.000000" m_ty="0.000000"/>
  </frame>
  <frame idx="50" w="149" h="109" x="-1.925041" y="-8.163380">
   <element name="frame" layername="frame" frame="0" z_index="2" m_a="1.000000" m_b="0.000000" m_c="0.000000" m_d="0.715143" m_tx="0.000000" m_ty="0.000000"/>
  </frame>
  <frame idx="75" w="149" h="92" x="-1.925041" y="-25.098835">
   <element name="frame" layername="frame" frame="0" z_index="2" m_a="1.000000" m_b="0.000000" m_c="0.000000" m_d="0.448443" m_tx="0.000000" m_ty="0.000000"/>
  </frame>
  <frame idx="100" w="149" h="63" x="-1.925041" y="-50.303810">
   <element name="frame" layername="frame" frame="0" z_index="2" m_a="1.000000" m_b="0.000000" m_c="0.000000" m_d="0.051514" m_tx="0.000000" m_ty="0.000000"/>
  </frame>
  <frame idx="125" w="149" h="86" x="-1.925041" y="-29.376322">
   <element name="frame" layername="frame" frame="0" z_index="2" m_a="1.000000" m_b="0.000000" m_c="0.000000" m_d="0.381081" m_tx="0.000000" m_ty="0.000000"/>
  </frame>
 </anim>
 <anim name="open" root="ui_ratchet_1x1" numframes="225" framerate="40">
  <frame idx="0" w="149" h="65" x="-1.925041" y="-48.753525">
   <element name="frame" layername="frame" frame="0" z_index="2" m_a="1.000000" m_b="0.000000" m_c="0.000000" m_d="0.075928" m_tx="0.000000" m_ty="0.000000"/>
  </frame>
  <frame idx="25" w="150" h="76" x="-0.969597" y="-38.738312">
   <element name="frame" layername="frame" frame="0" z_index="2" m_a="1.014368" m_b="0.000000" m_c="0.000000" m_d="0.233648" m_tx="0.000000" m_ty="0.000000"/>
  </frame>
  <frame idx="50" w="153" h="105" x="1.544281" y="-12.387890">
   <element name="frame" layername="frame" frame="0" z_index="2" m_a="1.052170" m_b="0.000000" m_c="0.000000" m_d="0.648615" m_tx="0.000000" m_ty="0.000000"/>
  </frame>
  <frame idx="75" w="154" h="131" x="3.019417" y="11.509827">
   <element name="frame" layername="frame" frame="0" z_index="2" m_a="1.074353" m_b="0.000000" m_c="0.000000" m_d="1.024957" m_tx="0.000000" m_ty="0.000000"/>
  </frame>
  <frame idx="100" w="152" h="130" x="0.424408" y="10.669899">
   <element name="frame" layername="frame" frame="0" z_index="2" m_a="1.035330" m_b="0.000000" m_c="0.000000" m_d="1.011730" m_tx="0.000000" m_ty="0.000000"/>
  </frame>
  <frame idx="125" w="150" h="130" x="-0.879196" y="10.247810">
   <element name="frame" layername="frame" frame="0" z_index="2" m_a="1.015727" m_b="0.000000" m_c="0.000000" m_d="1.005083" m_tx="0.000000" m_ty="0.000000"/>
  </frame>
  <frame idx="150" w="150" h="130" x="-1.628029" y="10.005531">
   <element name="frame" layername="frame" frame="0" z_index="2" m_a="1.004466" m_b="0.000000" m_c="0.000000" m_d="1.001267" m_tx="0.000000" m_ty="0.000000"/>
  </frame>
  <frame idx="175" w="149" h="130" x="-1.925041" y="9.909554">
   <element name="frame" layername="frame" frame="0" z_index="2" m_a="1.000000" m_b="0.000000" m_c="0.000000" m_d="0.999756" m_tx="0.000000" m_ty="0.000000"/>
  </frame>
  <frame idx="200" w="149" h="130" x="-1.925041" y="9.909554">
   <element name="frame" layername="frame" frame="0" z_index="2" m_a="1.000000" m_b="0.000000" m_c="0.000000" m_d="0.999756" m_tx="0.000000" m_ty="0.000000"/>
  </frame>
 </anim>
</Anims>
