<Anims>
 <anim name="idle_loop" root="nanocrate" numframes="1050" framerate="40">
  <frame idx="0" w="561" h="800" x="15.482910" y="-169.603516">
   <element name="crate_bg" layername="crate_bg" frame="0" z_index="5" m_a="1.000000" m_b="0.000000" m_c="0.000000" m_d="1.000000" m_tx="-247.058823" m_ty="-447.058838"/>
   <element name="crate_fg" layername="crate_fg" frame="0" z_index="1" m_a="1.000000" m_b="0.000000" m_c="0.000000" m_d="1.000000" m_tx="-241.975311" m_ty="-448.148163"/>
   <element name="moon_glow" layername="moon_glow" frame="0" z_index="4" m_a="0.767243" m_b="0.000000" m_c="0.000000" m_d="0.624195" m_tx="-38.440861" m_ty="-42.703396"/>
   <element name="moon_glow2" layername="moon_glow2" frame="0" z_index="3" m_a="0.597699" m_b="0.000000" m_c="0.000000" m_d="0.599641" m_tx="-8.870968" m_ty="-21.014090"/>
   <element name="spiral_ripple" layername="spiral_ripple" frame="0" z_index="2" m_a="0.011635" m_b="-0.646909" m_c="0.824369" m_d="0.014827" m_tx="23.509995" m_ty="10.569188"/>
  </frame>
  <frame idx="25" w="561" h="800" x="15.482910" y="-169.603516">
   <element name="crate_bg" layername="crate_bg" frame="0" z_index="5" m_a="1.000000" m_b="0.000000" m_c="0.000000" m_d="1.000000" m_tx="-247.058823" m_ty="-447.058838"/>
   <element name="crate_fg" layername="crate_fg" frame="0" z_index="1" m_a="1.000000" m_b="0.000000" m_c="0.000000" m_d="1.000000" m_tx="-241.975311" m_ty="-448.148163"/>
   <element name="moon_glow" layername="moon_glow" frame="0" z_index="4" m_a="0.767243" m_b="0.000000" m_c="0.000000" m_d="0.624195" m_tx="-38.407856" m_ty="-43.594555"/>
   <element name="moon_glow2" layername="moon_glow2" frame="0" z_index="3" m_a="0.597699" m_b="0.000000" m_c="0.000000" m_d="0.599641" m_tx="-8.837962" m_ty="-21.905249"/>
   <element name="spiral_ripple" layername="spiral_ripple" frame="0" z_index="2" m_a="0.011635" m_b="-0.646909" m_c="0.824369" m_d="0.014827" m_tx="23.509995" m_ty="10.620975"/>
  </frame>
  <frame idx="50" w="561" h="800" x="15.482910" y="-169.603516">
   <element name="crate_bg" layername="crate_bg" frame="0" z_index="5" m_a="1.000000" m_b="0.000000" m_c="0.000000" m_d="1.000000" m_tx="-247.058823" m_ty="-447.058838"/>
   <element name="crate_fg" layername="crate_fg" frame="0" z_index="1" m_a="1.000000" m_b="0.000000" m_c="0.000000" m_d="1.000000" m_tx="-241.975311" m_ty="-448.148163"/>
   <element name="moon_glow" layername="moon_glow" frame="0" z_index="4" m_a="0.767243" m_b="0.000000" m_c="0.000000" m_d="0.624195" m_tx="-38.374847" m_ty="-44.485714"/>
   <element name="moon_glow2" layername="moon_glow2" frame="0" z_index="3" m_a="0.597699" m_b="0.000000" m_c="0.000000" m_d="0.599641" m_tx="-8.804956" m_ty="-22.796410"/>
   <element name="spiral_ripple" layername="spiral_ripple" frame="1" z_index="2" m_a="0.011635" m_b="-0.646909" m_c="0.824369" m_d="0.014827" m_tx="23.509995" m_ty="10.027573"/>
  </frame>
  <frame idx="75" w="561" h="800" x="15.482910" y="-169.603516">
   <element name="crate_bg" layername="crate_bg" frame="0" z_index="5" m_a="1.000000" m_b="0.000000" m_c="0.000000" m_d="1.000000" m_tx="-247.058823" m_ty="-447.058838"/>
   <element name="crate_fg" layername="crate_fg" frame="0" z_index="1" m_a="1.000000" m_b="0.000000" m_c="0.000000" m_d="1.000000" m_tx="-241.975311" m_ty="-448.148163"/>
   <element name="moon_glow" layername="moon_glow" frame="0" z_index="4" m_a="0.767243" m_b="0.000000" m_c="0.000000" m_d="0.624195" m_tx="-38.341843" m_ty="-45.376877"/>
   <element name="moon_glow2" layername="moon_glow2" frame="0" z_index="3" m_a="0.597699" m_b="0.000000" m_c="0.000000" m_d="0.599641" m_tx="-8.771950" m_ty="-23.687569"/>
   <element name="spiral_ripple" layername="spiral_ripple" frame="2" z_index="2" m_a="0.011635" m_b="-0.646909" m_c="0.824369" m_d="0.014827" m_tx="23.509995" m_ty="9.071249"/>
  </frame>
  <frame idx="100" w="561" h="800" x="15.482910" y="-169.603516">
   <element name="crate_bg" layername="crate_bg" frame="0" z_index="5" m_a="1.000000" m_b="0.000000" m_c="0.000000" m_d="1.000000" m_tx="-247.058823" m_ty="-447.058838"/>
   <element name="crate_fg" layername="crate_fg" frame="0" z_index="1" m_a="1.000000" m_b="0.000000" m_c="0.000000" m_d="1.000000" m_tx="-241.975311" m_ty="-448.148163"/>
   <element name="moon_glow" layername="moon_glow" frame="0" z_index="4" m_a="0.767243" m_b="0.000000" m_c="0.000000" m_d="0.624195" m_tx="-38.308838" m_ty="-46.268036"/>
   <element name="moon_glow2" layername="moon_glow2" frame="0" z_index="3" m_a="0.597699" m_b="0.000000" m_c="0.000000" m_d="0.599641" m_tx="-8.738944" m_ty="-24.578728"/>
   <element name="spiral_ripple" layername="spiral_ripple" frame="3" z_index="2" m_a="0.011635" m_b="-0.646909" m_c="0.824369" m_d="0.014827" m_tx="23.509995" m_ty="8.114927"/>
  </frame>
  <frame idx="125" w="561" h="800" x="15.482910" y="-169.603516">
   <element name="crate_bg" layername="crate_bg" frame="0" z_index="5" m_a="1.000000" m_b="0.000000" m_c="0.000000" m_d="1.000000" m_tx="-247.058823" m_ty="-447.058838"/>
   <element name="crate_fg" layername="crate_fg" frame="0" z_index="1" m_a="1.000000" m_b="0.000000" m_c="0.000000" m_d="1.000000" m_tx="-241.975311" m_ty="-448.148163"/>
   <element name="moon_glow" layername="moon_glow" frame="0" z_index="4" m_a="0.767243" m_b="0.000000" m_c="0.000000" m_d="0.624195" m_tx="-38.275829" m_ty="-47.159195"/>
   <element name="moon_glow2" layername="moon_glow2" frame="0" z_index="3" m_a="0.597699" m_b="0.000000" m_c="0.000000" m_d="0.599641" m_tx="-8.705938" m_ty="-25.469889"/>
   <element name="spiral_ripple" layername="spiral_ripple" frame="3" z_index="2" m_a="0.011635" m_b="-0.646909" m_c="0.824369" m_d="0.014827" m_tx="23.509995" m_ty="7.158605"/>
  </frame>
  <frame idx="150" w="561" h="800" x="15.482910" y="-169.603516">
   <element name="crate_bg" layername="crate_bg" frame="0" z_index="5" m_a="1.000000" m_b="0.000000" m_c="0.000000" m_d="1.000000" m_tx="-247.058823" m_ty="-447.058838"/>
   <element name="crate_fg" layername="crate_fg" frame="0" z_index="1" m_a="1.000000" m_b="0.000000" m_c="0.000000" m_d="1.000000" m_tx="-241.975311" m_ty="-448.148163"/>
   <element name="moon_glow" layername="moon_glow" frame="0" z_index="4" m_a="0.767243" m_b="0.000000" m_c="0.000000" m_d="0.624195" m_tx="-38.242825" m_ty="-48.050354"/>
   <element name="moon_glow2" layername="moon_glow2" frame="0" z_index="3" m_a="0.597699" m_b="0.000000" m_c="0.000000" m_d="0.599641" m_tx="-8.672933" m_ty="-26.361048"/>
   <element name="spiral_ripple" layername="spiral_ripple" frame="4" z_index="2" m_a="0.011635" m_b="-0.646909" m_c="0.824369" m_d="0.014827" m_tx="23.509995" m_ty="6.202281"/>
  </frame>
  <frame idx="175" w="561" h="800" x="15.482910" y="-169.603516">
   <element name="crate_bg" layername="crate_bg" frame="0" z_index="5" m_a="1.000000" m_b="0.000000" m_c="0.000000" m_d="1.000000" m_tx="-247.058823" m_ty="-447.058838"/>
   <element name="crate_fg" layername="crate_fg" frame="0" z_index="1" m_a="1.000000" m_b="0.000000" m_c="0.000000" m_d="1.000000" m_tx="-241.975311" m_ty="-448.148163"/>
   <element name="moon_glow" layername="moon_glow" frame="0" z_index="4" m_a="0.767243" m_b="0.000000" m_c="0.000000" m_d="0.624195" m_tx="-38.209820" m_ty="-48.941513"/>
   <element name="moon_glow2" layername="moon_glow2" frame="0" z_index="3" m_a="0.597699" m_b="0.000000" m_c="0.000000" m_d="0.599641" m_tx="-8.639927" m_ty="-27.252209"/>
   <element name="spiral_ripple" layername="spiral_ripple" frame="5" z_index="2" m_a="0.011635" m_b="-0.646909" m_c="0.824369" m_d="0.014827" m_tx="23.509995" m_ty="5.245959"/>
  </frame>
  <frame idx="200" w="561" h="800" x="15.482910" y="-169.603516">
   <element name="crate_bg" layername="crate_bg" frame="0" z_index="5" m_a="1.000000" m_b="0.000000" m_c="0.000000" m_d="1.000000" m_tx="-247.058823" m_ty="-447.058838"/>
   <element name="crate_fg" layername="crate_fg" frame="0" z_index="1" m_a="1.000000" m_b="0.000000" m_c="0.000000" m_d="1.000000" m_tx="-241.975311" m_ty="-448.148163"/>
   <element name="moon_glow" layername="moon_glow" frame="0" z_index="4" m_a="0.767243" m_b="0.000000" m_c="0.000000" m_d="0.624195" m_tx="-38.176811" m_ty="-49.832672"/>
   <element name="moon_glow2" layername="moon_glow2" frame="0" z_index="3" m_a="0.597699" m_b="0.000000" m_c="0.000000" m_d="0.599641" m_tx="-8.606921" m_ty="-28.143368"/>
   <element name="spiral_ripple" layername="spiral_ripple" frame="6" z_index="2" m_a="0.011635" m_b="-0.646909" m_c="0.824369" m_d="0.014827" m_tx="23.509995" m_ty="4.289636"/>
  </frame>
  <frame idx="225" w="561" h="800" x="15.482910" y="-169.603516">
   <element name="crate_bg" layername="crate_bg" frame="0" z_index="5" m_a="1.000000" m_b="0.000000" m_c="0.000000" m_d="1.000000" m_tx="-247.058823" m_ty="-447.058838"/>
   <element name="crate_fg" layername="crate_fg" frame="0" z_index="1" m_a="1.000000" m_b="0.000000" m_c="0.000000" m_d="1.000000" m_tx="-241.975311" m_ty="-448.148163"/>
   <element name="moon_glow" layername="moon_glow" frame="0" z_index="4" m_a="0.767243" m_b="0.000000" m_c="0.000000" m_d="0.624195" m_tx="-38.143806" m_ty="-50.723831"/>
   <element name="moon_glow2" layername="moon_glow2" frame="0" z_index="3" m_a="0.597699" m_b="0.000000" m_c="0.000000" m_d="0.599641" m_tx="-8.573915" m_ty="-29.034527"/>
   <element name="spiral_ripple" layername="spiral_ripple" frame="6" z_index="2" m_a="0.011635" m_b="-0.646909" m_c="0.824369" m_d="0.014827" m_tx="23.509995" m_ty="3.333313"/>
  </frame>
  <frame idx="250" w="561" h="800" x="15.482910" y="-169.603516">
   <element name="crate_bg" layername="crate_bg" frame="0" z_index="5" m_a="1.000000" m_b="0.000000" m_c="0.000000" m_d="1.000000" m_tx="-247.058823" m_ty="-447.058838"/>
   <element name="crate_fg" layername="crate_fg" frame="0" z_index="1" m_a="1.000000" m_b="0.000000" m_c="0.000000" m_d="1.000000" m_tx="-241.975311" m_ty="-448.148163"/>
   <element name="moon_glow" layername="moon_glow" frame="0" z_index="4" m_a="0.767243" m_b="0.000000" m_c="0.000000" m_d="0.624195" m_tx="-38.110802" m_ty="-51.614994"/>
   <element name="moon_glow2" layername="moon_glow2" frame="0" z_index="3" m_a="0.597699" m_b="0.000000" m_c="0.000000" m_d="0.599641" m_tx="-8.540909" m_ty="-29.925688"/>
   <element name="spiral_ripple" layername="spiral_ripple" frame="7" z_index="2" m_a="0.011635" m_b="-0.646909" m_c="0.824369" m_d="0.014827" m_tx="23.509995" m_ty="2.376990"/>
  </frame>
  <frame idx="275" w="561" h="800" x="15.482910" y="-169.603516">
   <element name="crate_bg" layername="crate_bg" frame="0" z_index="5" m_a="1.000000" m_b="0.000000" m_c="0.000000" m_d="1.000000" m_tx="-247.058823" m_ty="-447.058838"/>
   <element name="crate_fg" layername="crate_fg" frame="0" z_index="1" m_a="1.000000" m_b="0.000000" m_c="0.000000" m_d="1.000000" m_tx="-241.975311" m_ty="-448.148163"/>
   <element name="moon_glow" layername="moon_glow" frame="0" z_index="4" m_a="0.767243" m_b="0.000000" m_c="0.000000" m_d="0.624195" m_tx="-38.077793" m_ty="-52.506153"/>
   <element name="moon_glow2" layername="moon_glow2" frame="0" z_index="3" m_a="0.597699" m_b="0.000000" m_c="0.000000" m_d="0.599641" m_tx="-8.507903" m_ty="-30.816847"/>
   <element name="spiral_ripple" layername="spiral_ripple" frame="8" z_index="2" m_a="0.011635" m_b="-0.646909" m_c="0.824369" m_d="0.014827" m_tx="23.509995" m_ty="1.420668"/>
  </frame>
  <frame idx="300" w="561" h="800" x="15.482910" y="-169.603516">
   <element name="crate_bg" layername="crate_bg" frame="0" z_index="5" m_a="1.000000" m_b="0.000000" m_c="0.000000" m_d="1.000000" m_tx="-247.058823" m_ty="-447.058838"/>
   <element name="crate_fg" layername="crate_fg" frame="0" z_index="1" m_a="1.000000" m_b="0.000000" m_c="0.000000" m_d="1.000000" m_tx="-241.975311" m_ty="-448.148163"/>
   <element name="moon_glow" layername="moon_glow" frame="0" z_index="4" m_a="0.767243" m_b="0.000000" m_c="0.000000" m_d="0.624195" m_tx="-38.044788" m_ty="-53.397312"/>
   <element name="moon_glow2" layername="moon_glow2" frame="0" z_index="3" m_a="0.597699" m_b="0.000000" m_c="0.000000" m_d="0.599641" m_tx="-8.474897" m_ty="-31.708008"/>
   <element name="spiral_ripple" layername="spiral_ripple" frame="9" z_index="2" m_a="0.011635" m_b="-0.646909" m_c="0.824369" m_d="0.014827" m_tx="23.509995" m_ty="0.464345"/>
  </frame>
  <frame idx="325" w="561" h="800" x="15.482910" y="-169.603516">
   <element name="crate_bg" layername="crate_bg" frame="0" z_index="5" m_a="1.000000" m_b="0.000000" m_c="0.000000" m_d="1.000000" m_tx="-247.058823" m_ty="-447.058838"/>
   <element name="crate_fg" layername="crate_fg" frame="0" z_index="1" m_a="1.000000" m_b="0.000000" m_c="0.000000" m_d="1.000000" m_tx="-241.975311" m_ty="-448.148163"/>
   <element name="moon_glow" layername="moon_glow" frame="0" z_index="4" m_a="0.767243" m_b="0.000000" m_c="0.000000" m_d="0.624195" m_tx="-38.011784" m_ty="-54.288471"/>
   <element name="moon_glow2" layername="moon_glow2" frame="0" z_index="3" m_a="0.597699" m_b="0.000000" m_c="0.000000" m_d="0.599641" m_tx="-8.441892" m_ty="-32.599167"/>
   <element name="spiral_ripple" layername="spiral_ripple" frame="9" z_index="2" m_a="0.011635" m_b="-0.646909" m_c="0.824369" m_d="0.014827" m_tx="23.509995" m_ty="-0.491978"/>
  </frame>
  <frame idx="350" w="561" h="800" x="15.482910" y="-169.603516">
   <element name="crate_bg" layername="crate_bg" frame="0" z_index="5" m_a="1.000000" m_b="0.000000" m_c="0.000000" m_d="1.000000" m_tx="-247.058823" m_ty="-447.058838"/>
   <element name="crate_fg" layername="crate_fg" frame="0" z_index="1" m_a="1.000000" m_b="0.000000" m_c="0.000000" m_d="1.000000" m_tx="-241.975311" m_ty="-448.148163"/>
   <element name="moon_glow" layername="moon_glow" frame="0" z_index="4" m_a="0.767243" m_b="0.000000" m_c="0.000000" m_d="0.624195" m_tx="-37.978775" m_ty="-55.179634"/>
   <element name="moon_glow2" layername="moon_glow2" frame="0" z_index="3" m_a="0.597699" m_b="0.000000" m_c="0.000000" m_d="0.599641" m_tx="-8.408886" m_ty="-33.490326"/>
   <element name="spiral_ripple" layername="spiral_ripple" frame="10" z_index="2" m_a="0.011635" m_b="-0.646909" m_c="0.824369" m_d="0.014827" m_tx="23.509995" m_ty="-1.448301"/>
  </frame>
  <frame idx="375" w="561" h="800" x="15.482910" y="-169.603516">
   <element name="crate_bg" layername="crate_bg" frame="0" z_index="5" m_a="1.000000" m_b="0.000000" m_c="0.000000" m_d="1.000000" m_tx="-247.058823" m_ty="-447.058838"/>
   <element name="crate_fg" layername="crate_fg" frame="0" z_index="1" m_a="1.000000" m_b="0.000000" m_c="0.000000" m_d="1.000000" m_tx="-241.975311" m_ty="-448.148163"/>
   <element name="moon_glow" layername="moon_glow" frame="0" z_index="4" m_a="0.767243" m_b="0.000000" m_c="0.000000" m_d="0.624195" m_tx="-37.945770" m_ty="-56.070793"/>
   <element name="moon_glow2" layername="moon_glow2" frame="0" z_index="3" m_a="0.597699" m_b="0.000000" m_c="0.000000" m_d="0.599641" m_tx="-8.375879" m_ty="-34.381485"/>
   <element name="spiral_ripple" layername="spiral_ripple" frame="11" z_index="2" m_a="0.011635" m_b="-0.646909" m_c="0.824369" m_d="0.014827" m_tx="23.509995" m_ty="-2.404623"/>
  </frame>
  <frame idx="400" w="561" h="800" x="15.482910" y="-169.603516">
   <element name="crate_bg" layername="crate_bg" frame="0" z_index="5" m_a="1.000000" m_b="0.000000" m_c="0.000000" m_d="1.000000" m_tx="-247.058823" m_ty="-447.058838"/>
   <element name="crate_fg" layername="crate_fg" frame="0" z_index="1" m_a="1.000000" m_b="0.000000" m_c="0.000000" m_d="1.000000" m_tx="-241.975311" m_ty="-448.148163"/>
   <element name="moon_glow" layername="moon_glow" frame="0" z_index="4" m_a="0.767243" m_b="0.000000" m_c="0.000000" m_d="0.624195" m_tx="-37.912766" m_ty="-56.961952"/>
   <element name="moon_glow2" layername="moon_glow2" frame="0" z_index="3" m_a="0.597699" m_b="0.000000" m_c="0.000000" m_d="0.599641" m_tx="-8.342874" m_ty="-35.272644"/>
   <element name="spiral_ripple" layername="spiral_ripple" frame="12" z_index="2" m_a="0.011635" m_b="-0.646909" m_c="0.824369" m_d="0.014827" m_tx="23.509995" m_ty="-3.360946"/>
  </frame>
  <frame idx="425" w="561" h="800" x="15.482910" y="-169.603516">
   <element name="crate_bg" layername="crate_bg" frame="0" z_index="5" m_a="1.000000" m_b="0.000000" m_c="0.000000" m_d="1.000000" m_tx="-247.058823" m_ty="-447.058838"/>
   <element name="crate_fg" layername="crate_fg" frame="0" z_index="1" m_a="1.000000" m_b="0.000000" m_c="0.000000" m_d="1.000000" m_tx="-241.975311" m_ty="-448.148163"/>
   <element name="moon_glow" layername="moon_glow" frame="0" z_index="4" m_a="0.767243" m_b="0.000000" m_c="0.000000" m_d="0.624195" m_tx="-37.879757" m_ty="-57.853111"/>
   <element name="moon_glow2" layername="moon_glow2" frame="0" z_index="3" m_a="0.597699" m_b="0.000000" m_c="0.000000" m_d="0.599641" m_tx="-8.309868" m_ty="-36.163807"/>
   <element name="spiral_ripple" layername="spiral_ripple" frame="12" z_index="2" m_a="0.011635" m_b="-0.646909" m_c="0.824369" m_d="0.014827" m_tx="23.509995" m_ty="-4.317268"/>
  </frame>
  <frame idx="450" w="561" h="800" x="15.482910" y="-169.603516">
   <element name="crate_bg" layername="crate_bg" frame="0" z_index="5" m_a="1.000000" m_b="0.000000" m_c="0.000000" m_d="1.000000" m_tx="-247.058823" m_ty="-447.058838"/>
   <element name="crate_fg" layername="crate_fg" frame="0" z_index="1" m_a="1.000000" m_b="0.000000" m_c="0.000000" m_d="1.000000" m_tx="-241.975311" m_ty="-448.148163"/>
   <element name="moon_glow" layername="moon_glow" frame="0" z_index="4" m_a="0.767243" m_b="0.000000" m_c="0.000000" m_d="0.624195" m_tx="-37.846752" m_ty="-58.744270"/>
   <element name="moon_glow2" layername="moon_glow2" frame="0" z_index="3" m_a="0.597699" m_b="0.000000" m_c="0.000000" m_d="0.599641" m_tx="-8.276862" m_ty="-37.054966"/>
   <element name="spiral_ripple" layername="spiral_ripple" frame="14" z_index="2" m_a="0.011635" m_b="-0.646909" m_c="0.824369" m_d="0.014827" m_tx="23.509995" m_ty="-5.273591"/>
  </frame>
  <frame idx="475" w="561" h="800" x="15.482910" y="-169.603516">
   <element name="crate_bg" layername="crate_bg" frame="0" z_index="5" m_a="1.000000" m_b="0.000000" m_c="0.000000" m_d="1.000000" m_tx="-247.058823" m_ty="-447.058838"/>
   <element name="crate_fg" layername="crate_fg" frame="0" z_index="1" m_a="1.000000" m_b="0.000000" m_c="0.000000" m_d="1.000000" m_tx="-241.975311" m_ty="-448.148163"/>
   <element name="moon_glow" layername="moon_glow" frame="0" z_index="4" m_a="0.767243" m_b="0.000000" m_c="0.000000" m_d="0.624195" m_tx="-37.813747" m_ty="-59.635429"/>
   <element name="moon_glow2" layername="moon_glow2" frame="0" z_index="3" m_a="0.597699" m_b="0.000000" m_c="0.000000" m_d="0.599641" m_tx="-8.243856" m_ty="-37.946125"/>
   <element name="spiral_ripple" layername="spiral_ripple" frame="15" z_index="2" m_a="0.011635" m_b="-0.646909" m_c="0.824369" m_d="0.014827" m_tx="23.509995" m_ty="-6.229913"/>
  </frame>
  <frame idx="500" w="561" h="800" x="15.482910" y="-169.603516">
   <element name="crate_bg" layername="crate_bg" frame="0" z_index="5" m_a="1.000000" m_b="0.000000" m_c="0.000000" m_d="1.000000" m_tx="-247.058823" m_ty="-447.058838"/>
   <element name="crate_fg" layername="crate_fg" frame="0" z_index="1" m_a="1.000000" m_b="0.000000" m_c="0.000000" m_d="1.000000" m_tx="-241.975311" m_ty="-448.148163"/>
   <element name="moon_glow" layername="moon_glow" frame="0" z_index="4" m_a="0.767243" m_b="0.000000" m_c="0.000000" m_d="0.624195" m_tx="-37.780739" m_ty="-60.526588"/>
   <element name="moon_glow2" layername="moon_glow2" frame="0" z_index="3" m_a="0.597699" m_b="0.000000" m_c="0.000000" m_d="0.599641" m_tx="-8.210851" m_ty="-38.837288"/>
   <element name="spiral_ripple" layername="spiral_ripple" frame="15" z_index="2" m_a="0.011635" m_b="-0.646909" m_c="0.824369" m_d="0.014827" m_tx="23.509995" m_ty="-7.186236"/>
  </frame>
  <frame idx="525" w="561" h="800" x="15.482910" y="-169.603516">
   <element name="crate_bg" layername="crate_bg" frame="0" z_index="5" m_a="1.000000" m_b="0.000000" m_c="0.000000" m_d="1.000000" m_tx="-247.058823" m_ty="-447.058838"/>
   <element name="crate_fg" layername="crate_fg" frame="0" z_index="1" m_a="1.000000" m_b="0.000000" m_c="0.000000" m_d="1.000000" m_tx="-241.975311" m_ty="-448.148163"/>
   <element name="moon_glow" layername="moon_glow" frame="0" z_index="4" m_a="0.767243" m_b="0.000000" m_c="0.000000" m_d="0.624195" m_tx="-37.747734" m_ty="-61.417747"/>
   <element name="moon_glow2" layername="moon_glow2" frame="0" z_index="3" m_a="0.597699" m_b="0.000000" m_c="0.000000" m_d="0.599641" m_tx="-8.177844" m_ty="-39.728447"/>
   <element name="spiral_ripple" layername="spiral_ripple" frame="15" z_index="2" m_a="0.011635" m_b="-0.646909" m_c="0.824369" m_d="0.014827" m_tx="23.509995" m_ty="-8.142559"/>
  </frame>
  <frame idx="550" w="561" h="800" x="15.482910" y="-169.603516">
   <element name="crate_bg" layername="crate_bg" frame="0" z_index="5" m_a="1.000000" m_b="0.000000" m_c="0.000000" m_d="1.000000" m_tx="-247.058823" m_ty="-447.058838"/>
   <element name="crate_fg" layername="crate_fg" frame="0" z_index="1" m_a="1.000000" m_b="0.000000" m_c="0.000000" m_d="1.000000" m_tx="-241.975311" m_ty="-448.148163"/>
   <element name="moon_glow" layername="moon_glow" frame="0" z_index="4" m_a="0.767243" m_b="0.000000" m_c="0.000000" m_d="0.624195" m_tx="-37.777222" m_ty="-60.621601"/>
   <element name="moon_glow2" layername="moon_glow2" frame="0" z_index="3" m_a="0.597699" m_b="0.000000" m_c="0.000000" m_d="0.599641" m_tx="-8.207332" m_ty="-38.932297"/>
   <element name="spiral_ripple" layername="spiral_ripple" frame="1" z_index="2" m_a="0.011635" m_b="-0.646909" m_c="0.824369" m_d="0.014827" m_tx="23.509995" m_ty="-7.349019"/>
  </frame>
  <frame idx="575" w="561" h="800" x="15.482910" y="-169.603516">
   <element name="crate_bg" layername="crate_bg" frame="0" z_index="5" m_a="1.000000" m_b="0.000000" m_c="0.000000" m_d="1.000000" m_tx="-247.058823" m_ty="-447.058838"/>
   <element name="crate_fg" layername="crate_fg" frame="0" z_index="1" m_a="1.000000" m_b="0.000000" m_c="0.000000" m_d="1.000000" m_tx="-241.975311" m_ty="-448.148163"/>
   <element name="moon_glow" layername="moon_glow" frame="0" z_index="4" m_a="0.767243" m_b="0.000000" m_c="0.000000" m_d="0.624195" m_tx="-37.809311" m_ty="-59.755154"/>
   <element name="moon_glow2" layername="moon_glow2" frame="0" z_index="3" m_a="0.597699" m_b="0.000000" m_c="0.000000" m_d="0.599641" m_tx="-8.239422" m_ty="-38.065845"/>
   <element name="spiral_ripple" layername="spiral_ripple" frame="2" z_index="2" m_a="0.011635" m_b="-0.646909" m_c="0.824369" m_d="0.014827" m_tx="23.509995" m_ty="-6.482568"/>
  </frame>
  <frame idx="600" w="561" h="800" x="15.482910" y="-169.603516">
   <element name="crate_bg" layername="crate_bg" frame="0" z_index="5" m_a="1.000000" m_b="0.000000" m_c="0.000000" m_d="1.000000" m_tx="-247.058823" m_ty="-447.058838"/>
   <element name="crate_fg" layername="crate_fg" frame="0" z_index="1" m_a="1.000000" m_b="0.000000" m_c="0.000000" m_d="1.000000" m_tx="-241.975311" m_ty="-448.148163"/>
   <element name="moon_glow" layername="moon_glow" frame="0" z_index="4" m_a="0.767243" m_b="0.000000" m_c="0.000000" m_d="0.624195" m_tx="-37.841404" m_ty="-58.888702"/>
   <element name="moon_glow2" layername="moon_glow2" frame="0" z_index="3" m_a="0.597699" m_b="0.000000" m_c="0.000000" m_d="0.599641" m_tx="-8.271513" m_ty="-37.199394"/>
   <element name="spiral_ripple" layername="spiral_ripple" frame="3" z_index="2" m_a="0.011635" m_b="-0.646909" m_c="0.824369" m_d="0.014827" m_tx="23.509995" m_ty="-5.616117"/>
  </frame>
  <frame idx="625" w="561" h="800" x="15.482910" y="-169.603516">
   <element name="crate_bg" layername="crate_bg" frame="0" z_index="5" m_a="1.000000" m_b="0.000000" m_c="0.000000" m_d="1.000000" m_tx="-247.058823" m_ty="-447.058838"/>
   <element name="crate_fg" layername="crate_fg" frame="0" z_index="1" m_a="1.000000" m_b="0.000000" m_c="0.000000" m_d="1.000000" m_tx="-241.975311" m_ty="-448.148163"/>
   <element name="moon_glow" layername="moon_glow" frame="0" z_index="4" m_a="0.767243" m_b="0.000000" m_c="0.000000" m_d="0.624195" m_tx="-37.873493" m_ty="-58.022251"/>
   <element name="moon_glow2" layername="moon_glow2" frame="0" z_index="3" m_a="0.597699" m_b="0.000000" m_c="0.000000" m_d="0.599641" m_tx="-8.303603" m_ty="-36.332947"/>
   <element name="spiral_ripple" layername="spiral_ripple" frame="3" z_index="2" m_a="0.011635" m_b="-0.646909" m_c="0.824369" m_d="0.014827" m_tx="23.509995" m_ty="-4.749666"/>
  </frame>
  <frame idx="650" w="561" h="800" x="15.482910" y="-169.603516">
   <element name="crate_bg" layername="crate_bg" frame="0" z_index="5" m_a="1.000000" m_b="0.000000" m_c="0.000000" m_d="1.000000" m_tx="-247.058823" m_ty="-447.058838"/>
   <element name="crate_fg" layername="crate_fg" frame="0" z_index="1" m_a="1.000000" m_b="0.000000" m_c="0.000000" m_d="1.000000" m_tx="-241.975311" m_ty="-448.148163"/>
   <element name="moon_glow" layername="moon_glow" frame="0" z_index="4" m_a="0.767243" m_b="0.000000" m_c="0.000000" m_d="0.624195" m_tx="-37.905586" m_ty="-57.155800"/>
   <element name="moon_glow2" layername="moon_glow2" frame="0" z_index="3" m_a="0.597699" m_b="0.000000" m_c="0.000000" m_d="0.599641" m_tx="-8.335694" m_ty="-35.466496"/>
   <element name="spiral_ripple" layername="spiral_ripple" frame="4" z_index="2" m_a="0.011635" m_b="-0.646909" m_c="0.824369" m_d="0.014827" m_tx="23.509995" m_ty="-3.883215"/>
  </frame>
  <frame idx="675" w="561" h="800" x="15.482910" y="-169.603516">
   <element name="crate_bg" layername="crate_bg" frame="0" z_index="5" m_a="1.000000" m_b="0.000000" m_c="0.000000" m_d="1.000000" m_tx="-247.058823" m_ty="-447.058838"/>
   <element name="crate_fg" layername="crate_fg" frame="0" z_index="1" m_a="1.000000" m_b="0.000000" m_c="0.000000" m_d="1.000000" m_tx="-241.975311" m_ty="-448.148163"/>
   <element name="moon_glow" layername="moon_glow" frame="0" z_index="4" m_a="0.767243" m_b="0.000000" m_c="0.000000" m_d="0.624195" m_tx="-37.937675" m_ty="-56.289349"/>
   <element name="moon_glow2" layername="moon_glow2" frame="0" z_index="3" m_a="0.597699" m_b="0.000000" m_c="0.000000" m_d="0.599641" m_tx="-8.367785" m_ty="-34.600044"/>
   <element name="spiral_ripple" layername="spiral_ripple" frame="5" z_index="2" m_a="0.011635" m_b="-0.646909" m_c="0.824369" m_d="0.014827" m_tx="23.509995" m_ty="-3.016764"/>
  </frame>
  <frame idx="700" w="561" h="800" x="15.482910" y="-169.603516">
   <element name="crate_bg" layername="crate_bg" frame="0" z_index="5" m_a="1.000000" m_b="0.000000" m_c="0.000000" m_d="1.000000" m_tx="-247.058823" m_ty="-447.058838"/>
   <element name="crate_fg" layername="crate_fg" frame="0" z_index="1" m_a="1.000000" m_b="0.000000" m_c="0.000000" m_d="1.000000" m_tx="-241.975311" m_ty="-448.148163"/>
   <element name="moon_glow" layername="moon_glow" frame="0" z_index="4" m_a="0.767243" m_b="0.000000" m_c="0.000000" m_d="0.624195" m_tx="-37.969769" m_ty="-55.422897"/>
   <element name="moon_glow2" layername="moon_glow2" frame="0" z_index="3" m_a="0.597699" m_b="0.000000" m_c="0.000000" m_d="0.599641" m_tx="-8.399876" m_ty="-33.733593"/>
   <element name="spiral_ripple" layername="spiral_ripple" frame="6" z_index="2" m_a="0.011635" m_b="-0.646909" m_c="0.824369" m_d="0.014827" m_tx="23.509995" m_ty="-2.150313"/>
  </frame>
  <frame idx="725" w="561" h="800" x="15.482910" y="-169.603516">
   <element name="crate_bg" layername="crate_bg" frame="0" z_index="5" m_a="1.000000" m_b="0.000000" m_c="0.000000" m_d="1.000000" m_tx="-247.058823" m_ty="-447.058838"/>
   <element name="crate_fg" layername="crate_fg" frame="0" z_index="1" m_a="1.000000" m_b="0.000000" m_c="0.000000" m_d="1.000000" m_tx="-241.975311" m_ty="-448.148163"/>
   <element name="moon_glow" layername="moon_glow" frame="0" z_index="4" m_a="0.767243" m_b="0.000000" m_c="0.000000" m_d="0.624195" m_tx="-38.001858" m_ty="-54.556446"/>
   <element name="moon_glow2" layername="moon_glow2" frame="0" z_index="3" m_a="0.597699" m_b="0.000000" m_c="0.000000" m_d="0.599641" m_tx="-8.431967" m_ty="-32.867142"/>
   <element name="spiral_ripple" layername="spiral_ripple" frame="6" z_index="2" m_a="0.011635" m_b="-0.646909" m_c="0.824369" m_d="0.014827" m_tx="23.509995" m_ty="-1.283862"/>
  </frame>
  <frame idx="750" w="561" h="800" x="15.482910" y="-169.603516">
   <element name="crate_bg" layername="crate_bg" frame="0" z_index="5" m_a="1.000000" m_b="0.000000" m_c="0.000000" m_d="1.000000" m_tx="-247.058823" m_ty="-447.058838"/>
   <element name="crate_fg" layername="crate_fg" frame="0" z_index="1" m_a="1.000000" m_b="0.000000" m_c="0.000000" m_d="1.000000" m_tx="-241.975311" m_ty="-448.148163"/>
   <element name="moon_glow" layername="moon_glow" frame="0" z_index="4" m_a="0.767243" m_b="0.000000" m_c="0.000000" m_d="0.624195" m_tx="-38.033947" m_ty="-53.689995"/>
   <element name="moon_glow2" layername="moon_glow2" frame="0" z_index="3" m_a="0.597699" m_b="0.000000" m_c="0.000000" m_d="0.599641" m_tx="-8.464057" m_ty="-32.000690"/>
   <element name="spiral_ripple" layername="spiral_ripple" frame="7" z_index="2" m_a="0.011635" m_b="-0.646909" m_c="0.824369" m_d="0.014827" m_tx="23.509995" m_ty="-0.417411"/>
  </frame>
  <frame idx="775" w="561" h="800" x="15.482910" y="-169.603516">
   <element name="crate_bg" layername="crate_bg" frame="0" z_index="5" m_a="1.000000" m_b="0.000000" m_c="0.000000" m_d="1.000000" m_tx="-247.058823" m_ty="-447.058838"/>
   <element name="crate_fg" layername="crate_fg" frame="0" z_index="1" m_a="1.000000" m_b="0.000000" m_c="0.000000" m_d="1.000000" m_tx="-241.975311" m_ty="-448.148163"/>
   <element name="moon_glow" layername="moon_glow" frame="0" z_index="4" m_a="0.767243" m_b="0.000000" m_c="0.000000" m_d="0.624195" m_tx="-38.066040" m_ty="-52.823544"/>
   <element name="moon_glow2" layername="moon_glow2" frame="0" z_index="3" m_a="0.597699" m_b="0.000000" m_c="0.000000" m_d="0.599641" m_tx="-8.496148" m_ty="-31.134239"/>
   <element name="spiral_ripple" layername="spiral_ripple" frame="8" z_index="2" m_a="0.011635" m_b="-0.646909" m_c="0.824369" m_d="0.014827" m_tx="23.509995" m_ty="0.449040"/>
  </frame>
  <frame idx="800" w="561" h="800" x="15.482910" y="-169.603516">
   <element name="crate_bg" layername="crate_bg" frame="0" z_index="5" m_a="1.000000" m_b="0.000000" m_c="0.000000" m_d="1.000000" m_tx="-247.058823" m_ty="-447.058838"/>
   <element name="crate_fg" layername="crate_fg" frame="0" z_index="1" m_a="1.000000" m_b="0.000000" m_c="0.000000" m_d="1.000000" m_tx="-241.975311" m_ty="-448.148163"/>
   <element name="moon_glow" layername="moon_glow" frame="0" z_index="4" m_a="0.767243" m_b="0.000000" m_c="0.000000" m_d="0.624195" m_tx="-38.098129" m_ty="-51.957092"/>
   <element name="moon_glow2" layername="moon_glow2" frame="0" z_index="3" m_a="0.597699" m_b="0.000000" m_c="0.000000" m_d="0.599641" m_tx="-8.528238" m_ty="-30.267788"/>
   <element name="spiral_ripple" layername="spiral_ripple" frame="9" z_index="2" m_a="0.011635" m_b="-0.646909" m_c="0.824369" m_d="0.014827" m_tx="23.509995" m_ty="1.315491"/>
  </frame>
  <frame idx="825" w="561" h="800" x="15.482910" y="-169.603516">
   <element name="crate_bg" layername="crate_bg" frame="0" z_index="5" m_a="1.000000" m_b="0.000000" m_c="0.000000" m_d="1.000000" m_tx="-247.058823" m_ty="-447.058838"/>
   <element name="crate_fg" layername="crate_fg" frame="0" z_index="1" m_a="1.000000" m_b="0.000000" m_c="0.000000" m_d="1.000000" m_tx="-241.975311" m_ty="-448.148163"/>
   <element name="moon_glow" layername="moon_glow" frame="0" z_index="4" m_a="0.767243" m_b="0.000000" m_c="0.000000" m_d="0.624195" m_tx="-38.130222" m_ty="-51.090641"/>
   <element name="moon_glow2" layername="moon_glow2" frame="0" z_index="3" m_a="0.597699" m_b="0.000000" m_c="0.000000" m_d="0.599641" m_tx="-8.560329" m_ty="-29.401337"/>
   <element name="spiral_ripple" layername="spiral_ripple" frame="9" z_index="2" m_a="0.011635" m_b="-0.646909" m_c="0.824369" m_d="0.014827" m_tx="23.509995" m_ty="2.181942"/>
  </frame>
  <frame idx="850" w="561" h="800" x="15.482910" y="-169.603516">
   <element name="crate_bg" layername="crate_bg" frame="0" z_index="5" m_a="1.000000" m_b="0.000000" m_c="0.000000" m_d="1.000000" m_tx="-247.058823" m_ty="-447.058838"/>
   <element name="crate_fg" layername="crate_fg" frame="0" z_index="1" m_a="1.000000" m_b="0.000000" m_c="0.000000" m_d="1.000000" m_tx="-241.975311" m_ty="-448.148163"/>
   <element name="moon_glow" layername="moon_glow" frame="0" z_index="4" m_a="0.767243" m_b="0.000000" m_c="0.000000" m_d="0.624195" m_tx="-38.162312" m_ty="-50.224190"/>
   <element name="moon_glow2" layername="moon_glow2" frame="0" z_index="3" m_a="0.597699" m_b="0.000000" m_c="0.000000" m_d="0.599641" m_tx="-8.592421" m_ty="-28.534885"/>
   <element name="spiral_ripple" layername="spiral_ripple" frame="10" z_index="2" m_a="0.011635" m_b="-0.646909" m_c="0.824369" m_d="0.014827" m_tx="23.509995" m_ty="3.048393"/>
  </frame>
  <frame idx="875" w="561" h="800" x="15.482910" y="-169.603516">
   <element name="crate_bg" layername="crate_bg" frame="0" z_index="5" m_a="1.000000" m_b="0.000000" m_c="0.000000" m_d="1.000000" m_tx="-247.058823" m_ty="-447.058838"/>
   <element name="crate_fg" layername="crate_fg" frame="0" z_index="1" m_a="1.000000" m_b="0.000000" m_c="0.000000" m_d="1.000000" m_tx="-241.975311" m_ty="-448.148163"/>
   <element name="moon_glow" layername="moon_glow" frame="0" z_index="4" m_a="0.767243" m_b="0.000000" m_c="0.000000" m_d="0.624195" m_tx="-38.194405" m_ty="-49.357738"/>
   <element name="moon_glow2" layername="moon_glow2" frame="0" z_index="3" m_a="0.597699" m_b="0.000000" m_c="0.000000" m_d="0.599641" m_tx="-8.624511" m_ty="-27.668434"/>
   <element name="spiral_ripple" layername="spiral_ripple" frame="11" z_index="2" m_a="0.011635" m_b="-0.646909" m_c="0.824369" m_d="0.014827" m_tx="23.509995" m_ty="3.914844"/>
  </frame>
  <frame idx="900" w="561" h="800" x="15.482910" y="-169.603516">
   <element name="crate_bg" layername="crate_bg" frame="0" z_index="5" m_a="1.000000" m_b="0.000000" m_c="0.000000" m_d="1.000000" m_tx="-247.058823" m_ty="-447.058838"/>
   <element name="crate_fg" layername="crate_fg" frame="0" z_index="1" m_a="1.000000" m_b="0.000000" m_c="0.000000" m_d="1.000000" m_tx="-241.975311" m_ty="-448.148163"/>
   <element name="moon_glow" layername="moon_glow" frame="0" z_index="4" m_a="0.767243" m_b="0.000000" m_c="0.000000" m_d="0.624195" m_tx="-38.226494" m_ty="-48.491287"/>
   <element name="moon_glow2" layername="moon_glow2" frame="0" z_index="3" m_a="0.597699" m_b="0.000000" m_c="0.000000" m_d="0.599641" m_tx="-8.656602" m_ty="-26.801983"/>
   <element name="spiral_ripple" layername="spiral_ripple" frame="12" z_index="2" m_a="0.011635" m_b="-0.646909" m_c="0.824369" m_d="0.014827" m_tx="23.509995" m_ty="4.781295"/>
  </frame>
  <frame idx="925" w="561" h="800" x="15.482910" y="-169.603516">
   <element name="crate_bg" layername="crate_bg" frame="0" z_index="5" m_a="1.000000" m_b="0.000000" m_c="0.000000" m_d="1.000000" m_tx="-247.058823" m_ty="-447.058838"/>
   <element name="crate_fg" layername="crate_fg" frame="0" z_index="1" m_a="1.000000" m_b="0.000000" m_c="0.000000" m_d="1.000000" m_tx="-241.975311" m_ty="-448.148163"/>
   <element name="moon_glow" layername="moon_glow" frame="0" z_index="4" m_a="0.767243" m_b="0.000000" m_c="0.000000" m_d="0.624195" m_tx="-38.258583" m_ty="-47.624840"/>
   <element name="moon_glow2" layername="moon_glow2" frame="0" z_index="3" m_a="0.597699" m_b="0.000000" m_c="0.000000" m_d="0.599641" m_tx="-8.688692" m_ty="-25.935532"/>
   <element name="spiral_ripple" layername="spiral_ripple" frame="12" z_index="2" m_a="0.011635" m_b="-0.646909" m_c="0.824369" m_d="0.014827" m_tx="23.509995" m_ty="5.647747"/>
  </frame>
  <frame idx="950" w="561" h="800" x="15.482910" y="-169.603516">
   <element name="crate_bg" layername="crate_bg" frame="0" z_index="5" m_a="1.000000" m_b="0.000000" m_c="0.000000" m_d="1.000000" m_tx="-247.058823" m_ty="-447.058838"/>
   <element name="crate_fg" layername="crate_fg" frame="0" z_index="1" m_a="1.000000" m_b="0.000000" m_c="0.000000" m_d="1.000000" m_tx="-241.975311" m_ty="-448.148163"/>
   <element name="moon_glow" layername="moon_glow" frame="0" z_index="4" m_a="0.767243" m_b="0.000000" m_c="0.000000" m_d="0.624195" m_tx="-38.290676" m_ty="-46.758385"/>
   <element name="moon_glow2" layername="moon_glow2" frame="0" z_index="3" m_a="0.597699" m_b="0.000000" m_c="0.000000" m_d="0.599641" m_tx="-8.720783" m_ty="-25.069080"/>
   <element name="spiral_ripple" layername="spiral_ripple" frame="13" z_index="2" m_a="0.011635" m_b="-0.646909" m_c="0.824369" m_d="0.014827" m_tx="23.509995" m_ty="6.514197"/>
  </frame>
  <frame idx="975" w="561" h="800" x="15.482910" y="-169.603516">
   <element name="crate_bg" layername="crate_bg" frame="0" z_index="5" m_a="1.000000" m_b="0.000000" m_c="0.000000" m_d="1.000000" m_tx="-247.058823" m_ty="-447.058838"/>
   <element name="crate_fg" layername="crate_fg" frame="0" z_index="1" m_a="1.000000" m_b="0.000000" m_c="0.000000" m_d="1.000000" m_tx="-241.975311" m_ty="-448.148163"/>
   <element name="moon_glow" layername="moon_glow" frame="0" z_index="4" m_a="0.767243" m_b="0.000000" m_c="0.000000" m_d="0.624195" m_tx="-38.322765" m_ty="-45.891937"/>
   <element name="moon_glow2" layername="moon_glow2" frame="0" z_index="3" m_a="0.597699" m_b="0.000000" m_c="0.000000" m_d="0.599641" m_tx="-8.752874" m_ty="-24.202629"/>
   <element name="spiral_ripple" layername="spiral_ripple" frame="14" z_index="2" m_a="0.011635" m_b="-0.646909" m_c="0.824369" m_d="0.014827" m_tx="23.509995" m_ty="7.380648"/>
  </frame>
  <frame idx="1000" w="561" h="800" x="15.482910" y="-169.603516">
   <element name="crate_bg" layername="crate_bg" frame="0" z_index="5" m_a="1.000000" m_b="0.000000" m_c="0.000000" m_d="1.000000" m_tx="-247.058823" m_ty="-447.058838"/>
   <element name="crate_fg" layername="crate_fg" frame="0" z_index="1" m_a="1.000000" m_b="0.000000" m_c="0.000000" m_d="1.000000" m_tx="-241.975311" m_ty="-448.148163"/>
   <element name="moon_glow" layername="moon_glow" frame="0" z_index="4" m_a="0.767243" m_b="0.000000" m_c="0.000000" m_d="0.624195" m_tx="-38.354858" m_ty="-45.025482"/>
   <element name="moon_glow2" layername="moon_glow2" frame="0" z_index="3" m_a="0.597699" m_b="0.000000" m_c="0.000000" m_d="0.599641" m_tx="-8.784965" m_ty="-23.336178"/>
   <element name="spiral_ripple" layername="spiral_ripple" frame="15" z_index="2" m_a="0.011635" m_b="-0.646909" m_c="0.824369" m_d="0.014827" m_tx="23.509995" m_ty="8.247099"/>
  </frame>
  <frame idx="1025" w="561" h="800" x="15.482910" y="-169.603516">
   <element name="crate_bg" layername="crate_bg" frame="0" z_index="5" m_a="1.000000" m_b="0.000000" m_c="0.000000" m_d="1.000000" m_tx="-247.058823" m_ty="-447.058838"/>
   <element name="crate_fg" layername="crate_fg" frame="0" z_index="1" m_a="1.000000" m_b="0.000000" m_c="0.000000" m_d="1.000000" m_tx="-241.975311" m_ty="-448.148163"/>
   <element name="moon_glow" layername="moon_glow" frame="0" z_index="4" m_a="0.767243" m_b="0.000000" m_c="0.000000" m_d="0.624195" m_tx="-38.386948" m_ty="-44.159035"/>
   <element name="moon_glow2" layername="moon_glow2" frame="0" z_index="3" m_a="0.597699" m_b="0.000000" m_c="0.000000" m_d="0.599641" m_tx="-8.817056" m_ty="-22.469728"/>
   <element name="spiral_ripple" layername="spiral_ripple" frame="15" z_index="2" m_a="0.011635" m_b="-0.646909" m_c="0.824369" m_d="0.014827" m_tx="23.509995" m_ty="9.113550"/>
  </frame>
 </anim>
</Anims>
