<Anims>
 <anim name="anim" root="radiation_meter" numframes="750" framerate="40">
  <frame idx="0" w="84" h="88" x="0.077801" y="-1.173275">
   <element name="frame_circle" layername="frame_circle" frame="0" z_index="13" m_a="1.000000" m_b="0.000000" m_c="0.000000" m_d="1.000000" m_tx="0.000000" m_ty="-2.600000"/>
   <element name="wet_level" layername="wet_level" frame="0" z_index="14" m_a="1.319410" m_b="0.000000" m_c="0.000000" m_d="1.319410" m_tx="0.000000" m_ty="0.000000"/>
   <element name="Symbol 1" layername="Symbol" frame="0" z_index="15" m_a="1.000000" m_b="0.000000" m_c="0.000000" m_d="1.000000" m_tx="-86.550003" m_ty="-87.599998"/>
   <element name="Symbol 2" layername="Symbol 2" frame="0" z_index="16" m_a="1.000000" m_b="0.000000" m_c="0.000000" m_d="1.000000" m_tx="-86.750000" m_ty="-87.750000"/>
   <element name="drop" layername="drop" frame="0" z_index="13" m_a="1.000020" m_b="0.000000" m_c="0.000000" m_d="1.000020" m_tx="0.000000" m_ty="0.500000"/>
   <element name="radiation" layername="radiation" frame="0" z_index="12" m_a="1.000000" m_b="0.000000" m_c="0.000000" m_d="1.000000" m_tx="0.155602" m_ty="-0.834025"/>
  </frame>
  <frame idx="25" w="84" h="88" x="0.077801" y="-1.173275">
   <element name="frame_circle" layername="frame_circle" frame="0" z_index="13" m_a="1.000000" m_b="0.000000" m_c="0.000000" m_d="1.000000" m_tx="0.000000" m_ty="-2.600000"/>
   <element name="wet_level" layername="wet_level" frame="0" z_index="14" m_a="1.319410" m_b="0.000000" m_c="0.000000" m_d="1.319410" m_tx="0.000000" m_ty="0.000000"/>
   <element name="Symbol 1" layername="Symbol" frame="0" z_index="15" m_a="1.000000" m_b="0.000000" m_c="0.000000" m_d="1.000000" m_tx="-86.550003" m_ty="-87.599998"/>
   <element name="Symbol 2" layername="Symbol 2" frame="0" z_index="16" m_a="1.000000" m_b="0.000000" m_c="0.000000" m_d="1.000000" m_tx="-86.750000" m_ty="-87.750000"/>
   <element name="drop" layername="drop" frame="0" z_index="13" m_a="1.000020" m_b="0.000000" m_c="0.000000" m_d="1.000020" m_tx="0.000000" m_ty="0.500000"/>
   <element name="radiation" layername="radiation" frame="0" z_index="12" m_a="1.000000" m_b="0.000000" m_c="0.000000" m_d="1.000000" m_tx="0.155602" m_ty="-0.834025"/>
  </frame>
  <frame idx="50" w="84" h="88" x="0.077801" y="-1.173275">
   <element name="frame_circle" layername="frame_circle" frame="0" z_index="13" m_a="1.000000" m_b="0.000000" m_c="0.000000" m_d="1.000000" m_tx="0.000000" m_ty="-2.600000"/>
   <element name="wet_level" layername="wet_level" frame="0" z_index="14" m_a="1.319410" m_b="0.000000" m_c="0.000000" m_d="1.319410" m_tx="-0.005446" m_ty="0.000000"/>
   <element name="Symbol 1" layername="Symbol" frame="0" z_index="15" m_a="1.000000" m_b="0.000000" m_c="0.000000" m_d="1.000000" m_tx="-86.550003" m_ty="-87.599998"/>
   <element name="Symbol 2" layername="Symbol 2" frame="0" z_index="16" m_a="1.000000" m_b="0.000000" m_c="0.000000" m_d="1.000000" m_tx="-86.750000" m_ty="-87.750000"/>
   <element name="drop" layername="drop" frame="0" z_index="13" m_a="1.000020" m_b="0.000000" m_c="0.000000" m_d="1.000020" m_tx="0.000000" m_ty="0.500000"/>
   <element name="radiation" layername="radiation" frame="0" z_index="12" m_a="1.000000" m_b="0.000000" m_c="0.000000" m_d="1.000000" m_tx="0.155602" m_ty="-0.834025"/>
  </frame>
  <frame idx="75" w="84" h="88" x="0.077801" y="-1.173275">
   <element name="frame_circle" layername="frame_circle" frame="0" z_index="13" m_a="1.000000" m_b="0.000000" m_c="0.000000" m_d="1.000000" m_tx="0.000000" m_ty="-2.600000"/>
   <element name="wet_level" layername="wet_level" frame="0" z_index="14" m_a="1.319410" m_b="0.000000" m_c="0.000000" m_d="1.319410" m_tx="-0.020319" m_ty="4.717169"/>
   <element name="Symbol 1" layername="Symbol" frame="0" z_index="15" m_a="1.000000" m_b="0.000000" m_c="0.000000" m_d="1.000000" m_tx="-86.550003" m_ty="-87.599998"/>
   <element name="Symbol 2" layername="Symbol 2" frame="0" z_index="16" m_a="1.000000" m_b="0.000000" m_c="0.000000" m_d="1.000000" m_tx="-86.750000" m_ty="-87.750000"/>
   <element name="drop" layername="drop" frame="0" z_index="13" m_a="1.000020" m_b="0.000000" m_c="0.000000" m_d="1.000020" m_tx="0.000000" m_ty="0.500000"/>
   <element name="radiation" layername="radiation" frame="0" z_index="12" m_a="1.000000" m_b="0.000000" m_c="0.000000" m_d="1.000000" m_tx="0.155602" m_ty="-0.834025"/>
  </frame>
  <frame idx="100" w="84" h="88" x="0.077801" y="-1.173275">
   <element name="frame_circle" layername="frame_circle" frame="0" z_index="13" m_a="1.000000" m_b="0.000000" m_c="0.000000" m_d="1.000000" m_tx="0.000000" m_ty="-2.600000"/>
   <element name="wet_level" layername="wet_level" frame="2" z_index="14" m_a="1.319410" m_b="0.000000" m_c="0.000000" m_d="1.319410" m_tx="0.003218" m_ty="9.282235"/>
   <element name="Symbol 1" layername="Symbol" frame="0" z_index="15" m_a="1.000000" m_b="0.000000" m_c="0.000000" m_d="1.000000" m_tx="-86.550003" m_ty="-87.599998"/>
   <element name="Symbol 2" layername="Symbol 2" frame="0" z_index="16" m_a="1.000000" m_b="0.000000" m_c="0.000000" m_d="1.000000" m_tx="-86.750000" m_ty="-87.750000"/>
   <element name="drop" layername="drop" frame="0" z_index="13" m_a="1.000020" m_b="0.000000" m_c="0.000000" m_d="1.000020" m_tx="0.000000" m_ty="0.500000"/>
   <element name="radiation" layername="radiation" frame="0" z_index="12" m_a="1.000000" m_b="0.000000" m_c="0.000000" m_d="1.000000" m_tx="0.155602" m_ty="-0.834025"/>
  </frame>
  <frame idx="125" w="84" h="88" x="0.077801" y="-1.173275">
   <element name="frame_circle" layername="frame_circle" frame="0" z_index="13" m_a="1.000000" m_b="0.000000" m_c="0.000000" m_d="1.000000" m_tx="0.000000" m_ty="-2.600000"/>
   <element name="wet_level" layername="wet_level" frame="2" z_index="14" m_a="1.319410" m_b="0.000000" m_c="0.000000" m_d="1.319410" m_tx="-0.014872" m_ty="9.282235"/>
   <element name="Symbol 1" layername="Symbol" frame="0" z_index="15" m_a="1.000000" m_b="0.000000" m_c="0.000000" m_d="1.000000" m_tx="-86.550003" m_ty="-87.599998"/>
   <element name="Symbol 2" layername="Symbol 2" frame="0" z_index="16" m_a="1.000000" m_b="0.000000" m_c="0.000000" m_d="1.000000" m_tx="-86.750000" m_ty="-87.750000"/>
   <element name="drop" layername="drop" frame="0" z_index="13" m_a="1.000020" m_b="0.000000" m_c="0.000000" m_d="1.000020" m_tx="0.000000" m_ty="0.500000"/>
   <element name="radiation" layername="radiation" frame="0" z_index="12" m_a="1.000000" m_b="0.000000" m_c="0.000000" m_d="1.000000" m_tx="0.155602" m_ty="-0.834025"/>
  </frame>
  <frame idx="150" w="84" h="93" x="0.077801" y="2.049381">
   <element name="frame_circle" layername="frame_circle" frame="0" z_index="13" m_a="1.000000" m_b="0.000000" m_c="0.000000" m_d="1.000000" m_tx="0.000000" m_ty="-2.600000"/>
   <element name="wet_level" layername="wet_level" frame="3" z_index="14" m_a="1.319410" m_b="0.000000" m_c="0.000000" m_d="1.319410" m_tx="-0.045503" m_ty="15.063439"/>
   <element name="Symbol 1" layername="Symbol" frame="0" z_index="15" m_a="1.000000" m_b="0.000000" m_c="0.000000" m_d="1.000000" m_tx="-86.550003" m_ty="-87.599998"/>
   <element name="Symbol 2" layername="Symbol 2" frame="0" z_index="16" m_a="1.000000" m_b="0.000000" m_c="0.000000" m_d="1.000000" m_tx="-86.750000" m_ty="-87.750000"/>
   <element name="drop" layername="drop" frame="0" z_index="13" m_a="1.000020" m_b="0.000000" m_c="0.000000" m_d="1.000020" m_tx="0.000000" m_ty="0.500000"/>
   <element name="radiation" layername="radiation" frame="0" z_index="12" m_a="1.000000" m_b="0.000000" m_c="0.000000" m_d="1.000000" m_tx="0.155602" m_ty="-0.834025"/>
  </frame>
  <frame idx="175" w="84" h="96" x="0.077801" y="5.309464">
   <element name="frame_circle" layername="frame_circle" frame="0" z_index="13" m_a="1.000000" m_b="0.000000" m_c="0.000000" m_d="1.000000" m_tx="0.000000" m_ty="-2.600000"/>
   <element name="wet_level" layername="wet_level" frame="4" z_index="14" m_a="1.319410" m_b="0.000000" m_c="0.000000" m_d="1.319410" m_tx="-0.034426" m_ty="20.844830"/>
   <element name="Symbol 1" layername="Symbol" frame="0" z_index="15" m_a="1.000000" m_b="0.000000" m_c="0.000000" m_d="1.000000" m_tx="-86.550003" m_ty="-87.599998"/>
   <element name="Symbol 2" layername="Symbol 2" frame="0" z_index="16" m_a="1.000000" m_b="0.000000" m_c="0.000000" m_d="1.000000" m_tx="-86.750000" m_ty="-87.750000"/>
   <element name="drop" layername="drop" frame="0" z_index="13" m_a="1.000020" m_b="0.000000" m_c="0.000000" m_d="1.000020" m_tx="0.000000" m_ty="0.500000"/>
   <element name="radiation" layername="radiation" frame="0" z_index="12" m_a="1.000000" m_b="0.000000" m_c="0.000000" m_d="1.000000" m_tx="0.155602" m_ty="-0.834025"/>
  </frame>
  <frame idx="200" w="84" h="99" x="0.077801" y="8.569515">
   <element name="frame_circle" layername="frame_circle" frame="0" z_index="13" m_a="1.000000" m_b="0.000000" m_c="0.000000" m_d="1.000000" m_tx="0.000000" m_ty="-2.600000"/>
   <element name="wet_level" layername="wet_level" frame="5" z_index="14" m_a="1.319410" m_b="0.000000" m_c="0.000000" m_d="1.319410" m_tx="-0.070778" m_ty="26.625956"/>
   <element name="Symbol 1" layername="Symbol" frame="0" z_index="15" m_a="1.000000" m_b="0.000000" m_c="0.000000" m_d="1.000000" m_tx="-86.550003" m_ty="-87.599998"/>
   <element name="Symbol 2" layername="Symbol 2" frame="0" z_index="16" m_a="1.000000" m_b="0.000000" m_c="0.000000" m_d="1.000000" m_tx="-86.750000" m_ty="-87.750000"/>
   <element name="drop" layername="drop" frame="0" z_index="13" m_a="1.000020" m_b="0.000000" m_c="0.000000" m_d="1.000020" m_tx="0.000000" m_ty="0.500000"/>
   <element name="radiation" layername="radiation" frame="0" z_index="12" m_a="1.000000" m_b="0.000000" m_c="0.000000" m_d="1.000000" m_tx="0.155602" m_ty="-0.834025"/>
  </frame>
  <frame idx="225" w="84" h="99" x="0.077801" y="8.569515">
   <element name="frame_circle" layername="frame_circle" frame="0" z_index="13" m_a="1.000000" m_b="0.000000" m_c="0.000000" m_d="1.000000" m_tx="0.000000" m_ty="-2.600000"/>
   <element name="wet_level" layername="wet_level" frame="5" z_index="14" m_a="1.319410" m_b="0.000000" m_c="0.000000" m_d="1.319410" m_tx="-0.075275" m_ty="26.625956"/>
   <element name="Symbol 1" layername="Symbol" frame="0" z_index="15" m_a="1.000000" m_b="0.000000" m_c="0.000000" m_d="1.000000" m_tx="-86.550003" m_ty="-87.599998"/>
   <element name="Symbol 2" layername="Symbol 2" frame="0" z_index="16" m_a="1.000000" m_b="0.000000" m_c="0.000000" m_d="1.000000" m_tx="-86.750000" m_ty="-87.750000"/>
   <element name="drop" layername="drop" frame="0" z_index="13" m_a="1.000020" m_b="0.000000" m_c="0.000000" m_d="1.000020" m_tx="0.000000" m_ty="0.500000"/>
   <element name="radiation" layername="radiation" frame="0" z_index="12" m_a="1.000000" m_b="0.000000" m_c="0.000000" m_d="1.000000" m_tx="0.155602" m_ty="-0.834025"/>
  </frame>
  <frame idx="250" w="84" h="103" x="0.441681" y="11.829586">
   <element name="frame_circle" layername="frame_circle" frame="0" z_index="13" m_a="1.000000" m_b="0.000000" m_c="0.000000" m_d="1.000000" m_tx="0.000000" m_ty="-2.600000"/>
   <element name="wet_level" layername="wet_level" frame="6" z_index="14" m_a="1.319410" m_b="0.000000" m_c="0.000000" m_d="1.319410" m_tx="-0.085524" m_ty="32.407219"/>
   <element name="Symbol 1" layername="Symbol" frame="0" z_index="15" m_a="1.000000" m_b="0.000000" m_c="0.000000" m_d="1.000000" m_tx="-86.550003" m_ty="-87.599998"/>
   <element name="Symbol 2" layername="Symbol 2" frame="0" z_index="16" m_a="1.000000" m_b="0.000000" m_c="0.000000" m_d="1.000000" m_tx="-86.750000" m_ty="-87.750000"/>
   <element name="drop" layername="drop" frame="0" z_index="13" m_a="1.000020" m_b="0.000000" m_c="0.000000" m_d="1.000020" m_tx="0.000000" m_ty="0.500000"/>
   <element name="radiation" layername="radiation" frame="0" z_index="12" m_a="1.000000" m_b="0.000000" m_c="0.000000" m_d="1.000000" m_tx="0.155602" m_ty="-0.834025"/>
  </frame>
  <frame idx="275" w="84" h="105" x="0.851830" y="13.531498">
   <element name="frame_circle" layername="frame_circle" frame="0" z_index="13" m_a="1.000000" m_b="0.000000" m_c="0.000000" m_d="1.000000" m_tx="0.000000" m_ty="-2.600000"/>
   <element name="wet_level" layername="wet_level" frame="7" z_index="14" m_a="1.319410" m_b="0.000000" m_c="0.000000" m_d="1.319410" m_tx="-0.081848" m_ty="35.891632"/>
   <element name="Symbol 1" layername="Symbol" frame="0" z_index="15" m_a="1.000000" m_b="0.000000" m_c="0.000000" m_d="1.000000" m_tx="-86.550003" m_ty="-87.599998"/>
   <element name="Symbol 2" layername="Symbol 2" frame="0" z_index="16" m_a="1.000000" m_b="0.000000" m_c="0.000000" m_d="1.000000" m_tx="-86.750000" m_ty="-87.750000"/>
   <element name="drop" layername="drop" frame="0" z_index="13" m_a="1.000020" m_b="0.000000" m_c="0.000000" m_d="1.000020" m_tx="0.000000" m_ty="0.500000"/>
   <element name="radiation" layername="radiation" frame="0" z_index="12" m_a="1.000000" m_b="0.000000" m_c="0.000000" m_d="1.000000" m_tx="0.155602" m_ty="-0.834025"/>
  </frame>
  <frame idx="300" w="85" h="108" x="1.263878" y="16.791576">
   <element name="frame_circle" layername="frame_circle" frame="0" z_index="13" m_a="1.000000" m_b="0.000000" m_c="0.000000" m_d="1.000000" m_tx="0.000000" m_ty="-2.600000"/>
   <element name="wet_level" layername="wet_level" frame="8" z_index="14" m_a="1.319410" m_b="0.000000" m_c="0.000000" m_d="1.319410" m_tx="-0.070604" m_ty="41.673004"/>
   <element name="Symbol 1" layername="Symbol" frame="0" z_index="15" m_a="1.000000" m_b="0.000000" m_c="0.000000" m_d="1.000000" m_tx="-86.550003" m_ty="-87.599998"/>
   <element name="Symbol 2" layername="Symbol 2" frame="0" z_index="16" m_a="1.000000" m_b="0.000000" m_c="0.000000" m_d="1.000000" m_tx="-86.750000" m_ty="-87.750000"/>
   <element name="drop" layername="drop" frame="0" z_index="13" m_a="1.000020" m_b="0.000000" m_c="0.000000" m_d="1.000020" m_tx="0.000000" m_ty="0.500000"/>
   <element name="radiation" layername="radiation" frame="0" z_index="12" m_a="1.000000" m_b="0.000000" m_c="0.000000" m_d="1.000000" m_tx="0.155602" m_ty="-0.834025"/>
  </frame>
  <frame idx="325" w="85" h="108" x="1.262501" y="16.791576">
   <element name="frame_circle" layername="frame_circle" frame="0" z_index="13" m_a="1.000000" m_b="0.000000" m_c="0.000000" m_d="1.000000" m_tx="0.000000" m_ty="-2.600000"/>
   <element name="wet_level" layername="wet_level" frame="8" z_index="14" m_a="1.319410" m_b="0.000000" m_c="0.000000" m_d="1.319410" m_tx="-0.073361" m_ty="41.673004"/>
   <element name="Symbol 1" layername="Symbol" frame="0" z_index="15" m_a="1.000000" m_b="0.000000" m_c="0.000000" m_d="1.000000" m_tx="-86.550003" m_ty="-87.599998"/>
   <element name="Symbol 2" layername="Symbol 2" frame="0" z_index="16" m_a="1.000000" m_b="0.000000" m_c="0.000000" m_d="1.000000" m_tx="-86.750000" m_ty="-87.750000"/>
   <element name="drop" layername="drop" frame="0" z_index="13" m_a="1.000020" m_b="0.000000" m_c="0.000000" m_d="1.000020" m_tx="0.000000" m_ty="0.500000"/>
   <element name="radiation" layername="radiation" frame="0" z_index="12" m_a="1.000000" m_b="0.000000" m_c="0.000000" m_d="1.000000" m_tx="0.155602" m_ty="-0.834025"/>
  </frame>
  <frame idx="350" w="85" h="109" x="1.259933" y="17.881069">
   <element name="frame_circle" layername="frame_circle" frame="0" z_index="13" m_a="1.000000" m_b="0.000000" m_c="0.000000" m_d="1.000000" m_tx="0.000000" m_ty="-2.600000"/>
   <element name="wet_level" layername="wet_level" frame="8" z_index="14" m_a="1.319410" m_b="0.000000" m_c="0.000000" m_d="1.319410" m_tx="-0.078493" m_ty="43.851994"/>
   <element name="Symbol 1" layername="Symbol" frame="0" z_index="15" m_a="1.000000" m_b="0.000000" m_c="0.000000" m_d="1.000000" m_tx="-86.550003" m_ty="-87.599998"/>
   <element name="Symbol 2" layername="Symbol 2" frame="0" z_index="16" m_a="1.000000" m_b="0.000000" m_c="0.000000" m_d="1.000000" m_tx="-86.750000" m_ty="-87.750000"/>
   <element name="drop" layername="drop" frame="0" z_index="13" m_a="1.000020" m_b="0.000000" m_c="0.000000" m_d="1.000020" m_tx="0.000000" m_ty="0.500000"/>
   <element name="radiation" layername="radiation" frame="0" z_index="12" m_a="1.000000" m_b="0.000000" m_c="0.000000" m_d="1.000000" m_tx="0.155602" m_ty="-0.834025"/>
  </frame>
  <frame idx="375" w="85" h="114" x="1.260361" y="21.064388">
   <element name="frame_circle" layername="frame_circle" frame="0" z_index="13" m_a="1.000000" m_b="0.000000" m_c="0.000000" m_d="1.000000" m_tx="0.000000" m_ty="-2.600000"/>
   <element name="wet_level" layername="wet_level" frame="9" z_index="14" m_a="1.319410" m_b="0.000000" m_c="0.000000" m_d="1.319410" m_tx="-0.080487" m_ty="49.479763"/>
   <element name="Symbol 1" layername="Symbol" frame="0" z_index="15" m_a="1.000000" m_b="0.000000" m_c="0.000000" m_d="1.000000" m_tx="-86.550003" m_ty="-87.599998"/>
   <element name="Symbol 2" layername="Symbol 2" frame="0" z_index="16" m_a="1.000000" m_b="0.000000" m_c="0.000000" m_d="1.000000" m_tx="-86.750000" m_ty="-87.750000"/>
   <element name="drop" layername="drop" frame="0" z_index="13" m_a="1.000020" m_b="0.000000" m_c="0.000000" m_d="1.000020" m_tx="0.000000" m_ty="0.500000"/>
   <element name="radiation" layername="radiation" frame="0" z_index="12" m_a="1.000000" m_b="0.000000" m_c="0.000000" m_d="1.000000" m_tx="0.155602" m_ty="-0.834025"/>
  </frame>
  <frame idx="400" w="85" h="117" x="1.260788" y="24.259121">
   <element name="frame_circle" layername="frame_circle" frame="0" z_index="13" m_a="1.000000" m_b="0.000000" m_c="0.000000" m_d="1.000000" m_tx="0.000000" m_ty="-2.600000"/>
   <element name="wet_level" layername="wet_level" frame="10" z_index="14" m_a="1.319410" m_b="0.000000" m_c="0.000000" m_d="1.319410" m_tx="-0.080562" m_ty="55.130379"/>
   <element name="Symbol 1" layername="Symbol" frame="0" z_index="15" m_a="1.000000" m_b="0.000000" m_c="0.000000" m_d="1.000000" m_tx="-86.550003" m_ty="-87.599998"/>
   <element name="Symbol 2" layername="Symbol 2" frame="0" z_index="16" m_a="1.000000" m_b="0.000000" m_c="0.000000" m_d="1.000000" m_tx="-86.750000" m_ty="-87.750000"/>
   <element name="drop" layername="drop" frame="0" z_index="13" m_a="1.000020" m_b="0.000000" m_c="0.000000" m_d="1.000020" m_tx="0.000000" m_ty="0.500000"/>
   <element name="radiation" layername="radiation" frame="0" z_index="12" m_a="1.000000" m_b="0.000000" m_c="0.000000" m_d="1.000000" m_tx="0.155602" m_ty="-0.834025"/>
  </frame>
  <frame idx="425" w="85" h="119" x="1.260788" y="26.571796">
   <element name="frame_circle" layername="frame_circle" frame="0" z_index="13" m_a="1.000000" m_b="0.000000" m_c="0.000000" m_d="1.000000" m_tx="0.000000" m_ty="-2.600000"/>
   <element name="wet_level" layername="wet_level" frame="11" z_index="14" m_a="1.319410" m_b="0.000000" m_c="0.000000" m_d="1.319410" m_tx="-0.080562" m_ty="59.016869"/>
   <element name="Symbol 1" layername="Symbol" frame="0" z_index="15" m_a="1.000000" m_b="0.000000" m_c="0.000000" m_d="1.000000" m_tx="-86.550003" m_ty="-87.599998"/>
   <element name="Symbol 2" layername="Symbol 2" frame="0" z_index="16" m_a="1.000000" m_b="0.000000" m_c="0.000000" m_d="1.000000" m_tx="-86.750000" m_ty="-87.750000"/>
   <element name="drop" layername="drop" frame="0" z_index="13" m_a="1.000020" m_b="0.000000" m_c="0.000000" m_d="1.000020" m_tx="0.000000" m_ty="0.500000"/>
   <element name="radiation" layername="radiation" frame="0" z_index="12" m_a="1.000000" m_b="0.000000" m_c="0.000000" m_d="1.000000" m_tx="0.155602" m_ty="-0.834025"/>
  </frame>
  <frame idx="450" w="85" h="120" x="1.260788" y="27.306774">
   <element name="frame_circle" layername="frame_circle" frame="0" z_index="13" m_a="1.000000" m_b="0.000000" m_c="0.000000" m_d="1.000000" m_tx="0.000000" m_ty="-2.600000"/>
   <element name="wet_level" layername="wet_level" frame="11" z_index="14" m_a="1.319410" m_b="0.000000" m_c="0.000000" m_d="1.319410" m_tx="-0.080562" m_ty="60.486820"/>
   <element name="Symbol 1" layername="Symbol" frame="0" z_index="15" m_a="1.000000" m_b="0.000000" m_c="0.000000" m_d="1.000000" m_tx="-86.550003" m_ty="-87.599998"/>
   <element name="Symbol 2" layername="Symbol 2" frame="0" z_index="16" m_a="1.000000" m_b="0.000000" m_c="0.000000" m_d="1.000000" m_tx="-86.750000" m_ty="-87.750000"/>
   <element name="drop" layername="drop" frame="0" z_index="13" m_a="1.000020" m_b="0.000000" m_c="0.000000" m_d="1.000020" m_tx="0.000000" m_ty="0.500000"/>
   <element name="radiation" layername="radiation" frame="0" z_index="12" m_a="1.000000" m_b="0.000000" m_c="0.000000" m_d="1.000000" m_tx="0.155602" m_ty="-0.834025"/>
  </frame>
  <frame idx="475" w="85" h="123" x="1.260788" y="29.120747">
   <element name="frame_circle" layername="frame_circle" frame="0" z_index="13" m_a="1.000000" m_b="0.000000" m_c="0.000000" m_d="1.000000" m_tx="0.000000" m_ty="-2.600000"/>
   <element name="wet_level" layername="wet_level" frame="12" z_index="14" m_a="1.319410" m_b="0.000000" m_c="0.000000" m_d="1.319410" m_tx="-0.080562" m_ty="64.195320"/>
   <element name="Symbol 1" layername="Symbol" frame="0" z_index="15" m_a="1.000000" m_b="0.000000" m_c="0.000000" m_d="1.000000" m_tx="-86.550003" m_ty="-87.599998"/>
   <element name="Symbol 2" layername="Symbol 2" frame="0" z_index="16" m_a="1.000000" m_b="0.000000" m_c="0.000000" m_d="1.000000" m_tx="-86.750000" m_ty="-87.750000"/>
   <element name="drop" layername="drop" frame="0" z_index="13" m_a="1.000020" m_b="0.000000" m_c="0.000000" m_d="1.000020" m_tx="0.000000" m_ty="0.500000"/>
   <element name="radiation" layername="radiation" frame="0" z_index="12" m_a="1.000000" m_b="0.000000" m_c="0.000000" m_d="1.000000" m_tx="0.155602" m_ty="-0.834025"/>
  </frame>
  <frame idx="500" w="85" h="126" x="1.260788" y="32.333752">
   <element name="frame_circle" layername="frame_circle" frame="0" z_index="13" m_a="1.000000" m_b="0.000000" m_c="0.000000" m_d="1.000000" m_tx="0.000000" m_ty="-2.600000"/>
   <element name="wet_level" layername="wet_level" frame="13" z_index="14" m_a="1.319410" m_b="0.000000" m_c="0.000000" m_d="1.319410" m_tx="-0.080562" m_ty="69.882492"/>
   <element name="Symbol 1" layername="Symbol" frame="0" z_index="15" m_a="1.000000" m_b="0.000000" m_c="0.000000" m_d="1.000000" m_tx="-86.550003" m_ty="-87.599998"/>
   <element name="Symbol 2" layername="Symbol 2" frame="0" z_index="16" m_a="1.000000" m_b="0.000000" m_c="0.000000" m_d="1.000000" m_tx="-86.750000" m_ty="-87.750000"/>
   <element name="drop" layername="drop" frame="0" z_index="13" m_a="1.000020" m_b="0.000000" m_c="0.000000" m_d="1.000020" m_tx="0.000000" m_ty="0.500000"/>
   <element name="radiation" layername="radiation" frame="0" z_index="12" m_a="1.000000" m_b="0.000000" m_c="0.000000" m_d="1.000000" m_tx="0.155602" m_ty="-0.834025"/>
  </frame>
  <frame idx="525" w="85" h="128" x="1.260788" y="34.793842">
   <element name="frame_circle" layername="frame_circle" frame="0" z_index="13" m_a="1.000000" m_b="0.000000" m_c="0.000000" m_d="1.000000" m_tx="0.000000" m_ty="-2.600000"/>
   <element name="wet_level" layername="wet_level" frame="14" z_index="14" m_a="1.319410" m_b="0.000000" m_c="0.000000" m_d="1.319410" m_tx="-0.080562" m_ty="74.063812"/>
   <element name="Symbol 1" layername="Symbol" frame="0" z_index="15" m_a="1.000000" m_b="0.000000" m_c="0.000000" m_d="1.000000" m_tx="-86.550003" m_ty="-87.599998"/>
   <element name="Symbol 2" layername="Symbol 2" frame="0" z_index="16" m_a="1.000000" m_b="0.000000" m_c="0.000000" m_d="1.000000" m_tx="-86.750000" m_ty="-87.750000"/>
   <element name="drop" layername="drop" frame="0" z_index="13" m_a="1.000020" m_b="0.000000" m_c="0.000000" m_d="1.000020" m_tx="0.000000" m_ty="0.500000"/>
   <element name="radiation" layername="radiation" frame="0" z_index="12" m_a="1.000000" m_b="0.000000" m_c="0.000000" m_d="1.000000" m_tx="0.155602" m_ty="-0.834025"/>
  </frame>
  <frame idx="550" w="85" h="129" x="1.260788" y="35.551723">
   <element name="frame_circle" layername="frame_circle" frame="0" z_index="13" m_a="1.000000" m_b="0.000000" m_c="0.000000" m_d="1.000000" m_tx="0.000000" m_ty="-2.600000"/>
   <element name="wet_level" layername="wet_level" frame="14" z_index="14" m_a="1.319410" m_b="0.000000" m_c="0.000000" m_d="1.319410" m_tx="-0.080562" m_ty="75.579567"/>
   <element name="Symbol 1" layername="Symbol" frame="0" z_index="15" m_a="1.000000" m_b="0.000000" m_c="0.000000" m_d="1.000000" m_tx="-86.550003" m_ty="-87.599998"/>
   <element name="Symbol 2" layername="Symbol 2" frame="0" z_index="16" m_a="1.000000" m_b="0.000000" m_c="0.000000" m_d="1.000000" m_tx="-86.750000" m_ty="-87.750000"/>
   <element name="drop" layername="drop" frame="0" z_index="13" m_a="1.000020" m_b="0.000000" m_c="0.000000" m_d="1.000020" m_tx="0.000000" m_ty="0.500000"/>
   <element name="radiation" layername="radiation" frame="0" z_index="12" m_a="1.000000" m_b="0.000000" m_c="0.000000" m_d="1.000000" m_tx="0.155602" m_ty="-0.834025"/>
  </frame>
  <frame idx="575" w="85" h="132" x="1.260788" y="38.773907">
   <element name="frame_circle" layername="frame_circle" frame="0" z_index="13" m_a="1.000000" m_b="0.000000" m_c="0.000000" m_d="1.000000" m_tx="0.000000" m_ty="-2.600000"/>
   <element name="wet_level" layername="wet_level" frame="15" z_index="14" m_a="1.319410" m_b="0.000000" m_c="0.000000" m_d="1.319410" m_tx="-0.080562" m_ty="81.285072"/>
   <element name="Symbol 1" layername="Symbol" frame="0" z_index="15" m_a="1.000000" m_b="0.000000" m_c="0.000000" m_d="1.000000" m_tx="-86.550003" m_ty="-87.599998"/>
   <element name="Symbol 2" layername="Symbol 2" frame="0" z_index="16" m_a="1.000000" m_b="0.000000" m_c="0.000000" m_d="1.000000" m_tx="-86.750000" m_ty="-87.750000"/>
   <element name="drop" layername="drop" frame="0" z_index="13" m_a="1.000020" m_b="0.000000" m_c="0.000000" m_d="1.000020" m_tx="0.000000" m_ty="0.500000"/>
   <element name="radiation" layername="radiation" frame="0" z_index="12" m_a="1.000000" m_b="0.000000" m_c="0.000000" m_d="1.000000" m_tx="0.155602" m_ty="-0.834025"/>
  </frame>
  <frame idx="600" w="85" h="136" x="1.260788" y="41.943226">
   <element name="frame_circle" layername="frame_circle" frame="0" z_index="13" m_a="1.000000" m_b="0.000000" m_c="0.000000" m_d="1.000000" m_tx="0.000000" m_ty="-2.600000"/>
   <element name="wet_level" layername="wet_level" frame="16" z_index="14" m_a="1.319410" m_b="0.000000" m_c="0.000000" m_d="1.319410" m_tx="-0.080562" m_ty="86.884857"/>
   <element name="Symbol 1" layername="Symbol" frame="0" z_index="15" m_a="1.000000" m_b="0.000000" m_c="0.000000" m_d="1.000000" m_tx="-86.550003" m_ty="-87.599998"/>
   <element name="Symbol 2" layername="Symbol 2" frame="0" z_index="16" m_a="1.000000" m_b="0.000000" m_c="0.000000" m_d="1.000000" m_tx="-86.750000" m_ty="-87.750000"/>
   <element name="drop" layername="drop" frame="0" z_index="13" m_a="1.000020" m_b="0.000000" m_c="0.000000" m_d="1.000020" m_tx="0.000000" m_ty="0.500000"/>
   <element name="radiation" layername="radiation" frame="0" z_index="12" m_a="1.000000" m_b="0.000000" m_c="0.000000" m_d="1.000000" m_tx="0.155602" m_ty="-0.834025"/>
  </frame>
  <frame idx="625" w="85" h="138" x="1.260788" y="43.015888">
   <element name="frame_circle" layername="frame_circle" frame="0" z_index="13" m_a="1.000000" m_b="0.000000" m_c="0.000000" m_d="1.000000" m_tx="0.000000" m_ty="-2.600000"/>
   <element name="wet_level" layername="wet_level" frame="17" z_index="14" m_a="1.319410" m_b="0.000000" m_c="0.000000" m_d="1.319410" m_tx="-0.080562" m_ty="89.110725"/>
   <element name="Symbol 1" layername="Symbol" frame="0" z_index="15" m_a="1.000000" m_b="0.000000" m_c="0.000000" m_d="1.000000" m_tx="-86.550003" m_ty="-87.599998"/>
   <element name="Symbol 2" layername="Symbol 2" frame="0" z_index="16" m_a="1.000000" m_b="0.000000" m_c="0.000000" m_d="1.000000" m_tx="-86.750000" m_ty="-87.750000"/>
   <element name="drop" layername="drop" frame="0" z_index="13" m_a="1.000020" m_b="0.000000" m_c="0.000000" m_d="1.000020" m_tx="0.000000" m_ty="0.500000"/>
   <element name="radiation" layername="radiation" frame="0" z_index="12" m_a="1.000000" m_b="0.000000" m_c="0.000000" m_d="1.000000" m_tx="0.155602" m_ty="-0.834025"/>
  </frame>
  <frame idx="650" w="85" h="138" x="1.260788" y="43.672390">
   <element name="frame_circle" layername="frame_circle" frame="0" z_index="13" m_a="1.000000" m_b="0.000000" m_c="0.000000" m_d="1.000000" m_tx="0.000000" m_ty="-2.600000"/>
   <element name="wet_level" layername="wet_level" frame="17" z_index="14" m_a="1.319410" m_b="0.000000" m_c="0.000000" m_d="1.319410" m_tx="-0.080562" m_ty="90.423721"/>
   <element name="Symbol 1" layername="Symbol" frame="0" z_index="15" m_a="1.000000" m_b="0.000000" m_c="0.000000" m_d="1.000000" m_tx="-86.550003" m_ty="-87.599998"/>
   <element name="Symbol 2" layername="Symbol 2" frame="0" z_index="16" m_a="1.000000" m_b="0.000000" m_c="0.000000" m_d="1.000000" m_tx="-86.750000" m_ty="-87.750000"/>
   <element name="drop" layername="drop" frame="0" z_index="13" m_a="1.000020" m_b="0.000000" m_c="0.000000" m_d="1.000020" m_tx="0.000000" m_ty="0.500000"/>
   <element name="radiation" layername="radiation" frame="0" z_index="12" m_a="1.000000" m_b="0.000000" m_c="0.000000" m_d="1.000000" m_tx="0.155602" m_ty="-0.834025"/>
  </frame>
  <frame idx="675" w="85" h="141" x="1.260788" y="46.903294">
   <element name="frame_circle" layername="frame_circle" frame="0" z_index="13" m_a="1.000000" m_b="0.000000" m_c="0.000000" m_d="1.000000" m_tx="0.000000" m_ty="-2.600000"/>
   <element name="wet_level" layername="wet_level" frame="18" z_index="14" m_a="1.319410" m_b="0.000000" m_c="0.000000" m_d="1.319410" m_tx="-0.080562" m_ty="96.146675"/>
   <element name="Symbol 1" layername="Symbol" frame="0" z_index="15" m_a="1.000000" m_b="0.000000" m_c="0.000000" m_d="1.000000" m_tx="-86.550003" m_ty="-87.599998"/>
   <element name="Symbol 2" layername="Symbol 2" frame="0" z_index="16" m_a="1.000000" m_b="0.000000" m_c="0.000000" m_d="1.000000" m_tx="-86.750000" m_ty="-87.750000"/>
   <element name="drop" layername="drop" frame="0" z_index="13" m_a="1.000020" m_b="0.000000" m_c="0.000000" m_d="1.000020" m_tx="0.000000" m_ty="0.500000"/>
   <element name="radiation" layername="radiation" frame="0" z_index="12" m_a="1.000000" m_b="0.000000" m_c="0.000000" m_d="1.000000" m_tx="0.155602" m_ty="-0.834025"/>
  </frame>
  <frame idx="700" w="85" h="146" x="1.260788" y="50.136662">
   <element name="frame_circle" layername="frame_circle" frame="0" z_index="13" m_a="1.000000" m_b="0.000000" m_c="0.000000" m_d="1.000000" m_tx="0.000000" m_ty="-2.600000"/>
   <element name="wet_level" layername="wet_level" frame="19" z_index="14" m_a="1.319410" m_b="0.000000" m_c="0.000000" m_d="1.319410" m_tx="-0.080562" m_ty="101.874565"/>
   <element name="Symbol 1" layername="Symbol" frame="0" z_index="15" m_a="1.000000" m_b="0.000000" m_c="0.000000" m_d="1.000000" m_tx="-86.550003" m_ty="-87.599998"/>
   <element name="Symbol 2" layername="Symbol 2" frame="0" z_index="16" m_a="1.000000" m_b="0.000000" m_c="0.000000" m_d="1.000000" m_tx="-86.750000" m_ty="-87.750000"/>
   <element name="drop" layername="drop" frame="0" z_index="13" m_a="1.000020" m_b="0.000000" m_c="0.000000" m_d="1.000020" m_tx="0.000000" m_ty="0.500000"/>
   <element name="radiation" layername="radiation" frame="0" z_index="12" m_a="1.000000" m_b="0.000000" m_c="0.000000" m_d="1.000000" m_tx="0.155602" m_ty="-0.834025"/>
  </frame>
  <frame idx="725" w="85" h="148" x="1.260788" y="52.796108">
   <element name="frame_circle" layername="frame_circle" frame="0" z_index="13" m_a="1.000000" m_b="0.000000" m_c="0.000000" m_d="1.000000" m_tx="0.000000" m_ty="-2.600000"/>
   <element name="wet_level" layername="wet_level" frame="20" z_index="14" m_a="1.319410" m_b="0.000000" m_c="0.000000" m_d="1.319410" m_tx="-0.080562" m_ty="106.454605"/>
   <element name="Symbol 1" layername="Symbol" frame="0" z_index="15" m_a="1.000000" m_b="0.000000" m_c="0.000000" m_d="1.000000" m_tx="-86.550003" m_ty="-87.599998"/>
   <element name="Symbol 2" layername="Symbol 2" frame="0" z_index="16" m_a="1.000000" m_b="0.000000" m_c="0.000000" m_d="1.000000" m_tx="-86.750000" m_ty="-87.750000"/>
   <element name="drop" layername="drop" frame="0" z_index="13" m_a="1.000020" m_b="0.000000" m_c="0.000000" m_d="1.000020" m_tx="0.000000" m_ty="0.500000"/>
   <element name="radiation" layername="radiation" frame="0" z_index="12" m_a="1.000000" m_b="0.000000" m_c="0.000000" m_d="1.000000" m_tx="0.155602" m_ty="-0.834025"/>
  </frame>
 </anim>
 <anim name="close" root="radiation_meter" numframes="150" framerate="40">
  <frame idx="0" w="84" h="88" x="0.077801" y="-1.173275">
   <element name="frame_circle" layername="frame_circle" frame="0" z_index="13" m_a="1.000000" m_b="0.000000" m_c="0.000000" m_d="1.000000" m_tx="0.000000" m_ty="-2.600000"/>
   <element name="wet_level" layername="wet_level" frame="0" z_index="14" m_a="1.319410" m_b="0.000000" m_c="0.000000" m_d="1.319410" m_tx="0.000000" m_ty="0.000000"/>
   <element name="Symbol 1" layername="Symbol" frame="0" z_index="15" m_a="1.000000" m_b="0.000000" m_c="0.000000" m_d="1.000000" m_tx="-86.550003" m_ty="-87.599998"/>
   <element name="Symbol 2" layername="Symbol 2" frame="0" z_index="16" m_a="1.000000" m_b="0.000000" m_c="0.000000" m_d="1.000000" m_tx="-86.750000" m_ty="-87.750000"/>
   <element name="radiation" layername="radiation" frame="0" z_index="12" m_a="1.000000" m_b="0.000000" m_c="0.000000" m_d="1.000000" m_tx="0.155602" m_ty="-0.834025"/>
  </frame>
  <frame idx="25" w="84" h="85" x="0.075966" y="-3.937767">
   <element name="frame_circle" layername="frame_circle" frame="0" z_index="13" m_a="0.996708" m_b="0.000000" m_c="0.000000" m_d="0.933675" m_tx="-0.003669" m_ty="-2.438570"/>
   <element name="wet_level" layername="wet_level" frame="0" z_index="14" m_a="1.315070" m_b="0.000000" m_c="0.000000" m_d="1.231900" m_tx="-0.003669" m_ty="-0.011007"/>
   <element name="Symbol 1" layername="Symbol" frame="0" z_index="15" m_a="0.996708" m_b="0.000000" m_c="0.000000" m_d="0.933675" m_tx="-86.267502" m_ty="-81.799301"/>
   <element name="Symbol 2" layername="Symbol 2" frame="0" z_index="16" m_a="0.996708" m_b="0.000000" m_c="0.000000" m_d="0.933675" m_tx="-86.467499" m_ty="-81.941902"/>
   <element name="radiation" layername="radiation" frame="0" z_index="12" m_a="1.000000" m_b="0.000000" m_c="0.000000" m_d="0.902607" m_tx="0.155602" m_ty="-0.834025"/>
  </frame>
  <frame idx="50" w="84" h="86" x="0.071583" y="-2.578537">
   <element name="frame_circle" layername="frame_circle" frame="0" z_index="13" m_a="0.988846" m_b="0.000000" m_c="0.000000" m_d="0.775264" m_tx="-0.012432" m_ty="-2.052990"/>
   <element name="wet_level" layername="wet_level" frame="0" z_index="14" m_a="1.304700" m_b="0.000000" m_c="0.000000" m_d="1.022890" m_tx="-0.012432" m_ty="-0.037297"/>
   <element name="Symbol 1" layername="Symbol" frame="0" z_index="15" m_a="0.988846" m_b="0.000000" m_c="0.000000" m_d="0.775264" m_tx="-85.592796" m_ty="-67.944801"/>
   <element name="Symbol 2" layername="Symbol 2" frame="0" z_index="16" m_a="0.988846" m_b="0.000000" m_c="0.000000" m_d="0.775264" m_tx="-85.792801" m_ty="-68.069901"/>
   <element name="radiation" layername="radiation" frame="0" z_index="12" m_a="1.000000" m_b="0.000000" m_c="0.000000" m_d="0.733360" m_tx="0.155602" m_ty="-0.834025"/>
  </frame>
  <frame idx="75" w="84" h="90" x="0.064327" y="1.090187">
   <element name="frame_circle" layername="frame_circle" frame="0" z_index="13" m_a="0.975821" m_b="0.000000" m_c="0.000000" m_d="0.512836" m_tx="-0.026949" m_ty="-1.414230"/>
   <element name="wet_level" layername="wet_level" frame="0" z_index="14" m_a="1.287517" m_b="0.000000" m_c="0.000000" m_d="0.676645" m_tx="-0.026949" m_ty="-0.080848"/>
   <element name="Symbol 1" layername="Symbol" frame="0" z_index="15" m_a="0.975821" m_b="0.000000" m_c="0.000000" m_d="0.512836" m_tx="-84.474915" m_ty="-44.993164"/>
   <element name="Symbol 2" layername="Symbol 2" frame="0" z_index="16" m_a="0.975821" m_b="0.000000" m_c="0.000000" m_d="0.512836" m_tx="-84.674919" m_ty="-45.089325"/>
   <element name="radiation" layername="radiation" frame="0" z_index="12" m_a="1.000000" m_b="0.000000" m_c="0.000000" m_d="0.435009" m_tx="0.155602" m_ty="-0.834025"/>
  </frame>
  <frame idx="100" w="84" h="96" x="0.052799" y="6.811066">
   <element name="frame_circle" layername="frame_circle" frame="0" z_index="13" m_a="0.955139" m_b="0.000000" m_c="0.000000" m_d="0.096146" m_tx="-0.050000" m_ty="-0.400000"/>
   <element name="wet_level" layername="wet_level" frame="0" z_index="14" m_a="1.260220" m_b="0.000000" m_c="0.000000" m_d="0.126862" m_tx="-0.050000" m_ty="-0.150000"/>
   <element name="Symbol 1" layername="Symbol" frame="0" z_index="15" m_a="0.955139" m_b="0.000000" m_c="0.000000" m_d="0.096146" m_tx="-82.699997" m_ty="-8.550000"/>
   <element name="Symbol 2" layername="Symbol 2" frame="0" z_index="16" m_a="0.955139" m_b="0.000000" m_c="0.000000" m_d="0.096146" m_tx="-82.900002" m_ty="-8.600000"/>
   <element name="radiation" layername="radiation" frame="0" z_index="12" m_a="1.000000" m_b="0.000000" m_c="0.000000" m_d="0.091634" m_tx="0.155602" m_ty="-0.834025"/>
  </frame>
  <frame idx="125" w="84" h="96" x="0.052799" y="6.811066">
   <element name="frame_circle" layername="frame_circle" frame="0" z_index="13" m_a="0.955139" m_b="0.000000" m_c="0.000000" m_d="0.096146" m_tx="-0.050000" m_ty="-0.400000"/>
   <element name="wet_level" layername="wet_level" frame="0" z_index="14" m_a="1.260220" m_b="0.000000" m_c="0.000000" m_d="0.126862" m_tx="-0.050000" m_ty="-0.150000"/>
   <element name="Symbol 1" layername="Symbol" frame="0" z_index="15" m_a="0.955139" m_b="0.000000" m_c="0.000000" m_d="0.096146" m_tx="-82.699997" m_ty="-8.550000"/>
   <element name="Symbol 2" layername="Symbol 2" frame="0" z_index="16" m_a="0.955139" m_b="0.000000" m_c="0.000000" m_d="0.096146" m_tx="-82.900002" m_ty="-8.600000"/>
   <element name="radiation" layername="radiation" frame="0" z_index="12" m_a="1.000000" m_b="0.000000" m_c="0.000000" m_d="0.091634" m_tx="0.155602" m_ty="-0.834025"/>
  </frame>
 </anim>
 <anim name="open" root="radiation_meter" numframes="200" framerate="40">
  <frame idx="0" w="84" h="96" x="0.052799" y="6.811066">
   <element name="frame_circle" layername="frame_circle" frame="0" z_index="13" m_a="0.955139" m_b="0.000000" m_c="0.000000" m_d="0.096146" m_tx="-0.050000" m_ty="-0.400000"/>
   <element name="wet_level" layername="wet_level" frame="0" z_index="14" m_a="1.260220" m_b="0.000000" m_c="0.000000" m_d="0.126862" m_tx="-0.050000" m_ty="-0.150000"/>
   <element name="Symbol 1" layername="Symbol" frame="0" z_index="15" m_a="0.955139" m_b="0.000000" m_c="0.000000" m_d="0.096146" m_tx="-82.699997" m_ty="-8.550000"/>
   <element name="Symbol 2" layername="Symbol 2" frame="0" z_index="16" m_a="0.955139" m_b="0.000000" m_c="0.000000" m_d="0.096146" m_tx="-82.900002" m_ty="-8.600000"/>
   <element name="radiation" layername="radiation" frame="0" z_index="12" m_a="1.000000" m_b="0.000000" m_c="0.000000" m_d="0.091634" m_tx="0.155602" m_ty="-0.834025"/>
  </frame>
  <frame idx="25" w="84" h="94" x="0.052799" y="4.619457">
   <element name="frame_circle" layername="frame_circle" frame="0" z_index="13" m_a="0.969804" m_b="0.000000" m_c="0.000000" m_d="0.252934" m_tx="-0.050000" m_ty="-0.863272"/>
   <element name="wet_level" layername="wet_level" frame="0" z_index="14" m_a="1.279570" m_b="0.000000" m_c="0.000000" m_d="0.333731" m_tx="-0.050000" m_ty="-0.199636"/>
   <element name="Symbol 1" layername="Symbol" frame="0" z_index="15" m_a="0.969804" m_b="0.000000" m_c="0.000000" m_d="0.252934" m_tx="-83.965698" m_ty="-22.340500"/>
   <element name="Symbol 2" layername="Symbol 2" frame="0" z_index="16" m_a="0.969804" m_b="0.000000" m_c="0.000000" m_d="0.252934" m_tx="-84.174004" m_ty="-22.407101"/>
   <element name="radiation" layername="radiation" frame="0" z_index="12" m_a="1.000000" m_b="0.000000" m_c="0.000000" m_d="0.246777" m_tx="0.155602" m_ty="-0.834025"/>
  </frame>
  <frame idx="50" w="84" h="87" x="0.264626" y="-1.226971">
   <element name="frame_circle" layername="frame_circle" frame="0" z_index="13" m_a="1.008390" m_b="0.000000" m_c="0.000000" m_d="0.665452" m_tx="-0.050000" m_ty="-2.082140"/>
   <element name="wet_level" layername="wet_level" frame="0" z_index="14" m_a="1.330490" m_b="0.000000" m_c="0.000000" m_d="0.878011" m_tx="-0.050000" m_ty="-0.330226"/>
   <element name="Symbol 1" layername="Symbol" frame="0" z_index="15" m_a="1.008390" m_b="0.000000" m_c="0.000000" m_d="0.665452" m_tx="-87.295898" m_ty="-58.623798"/>
   <element name="Symbol 2" layername="Symbol 2" frame="0" z_index="16" m_a="1.008390" m_b="0.000000" m_c="0.000000" m_d="0.665452" m_tx="-87.525803" m_ty="-58.733898"/>
   <element name="radiation" layername="radiation" frame="0" z_index="12" m_a="1.000000" m_b="0.000000" m_c="0.000000" m_d="0.634716" m_tx="0.155602" m_ty="-0.834025"/>
  </frame>
  <frame idx="75" w="85" h="90" x="1.320454" y="-1.082886">
   <element name="frame_circle" layername="frame_circle" frame="0" z_index="13" m_a="1.036361" m_b="0.000000" m_c="0.000000" m_d="1.023171" m_tx="-0.043086" m_ty="-3.074034"/>
   <element name="wet_level" layername="wet_level" frame="0" z_index="14" m_a="1.367394" m_b="0.000000" m_c="0.000000" m_d="1.349991" m_tx="-0.043086" m_ty="-0.383164"/>
   <element name="Symbol 1" layername="Symbol" frame="0" z_index="15" m_a="1.036361" m_b="0.000000" m_c="0.000000" m_d="1.023171" m_tx="-89.707054" m_ty="-90.025436"/>
   <element name="Symbol 2" layername="Symbol 2" frame="0" z_index="16" m_a="1.036361" m_b="0.000000" m_c="0.000000" m_d="1.023171" m_tx="-89.949265" m_ty="-90.173904"/>
   <element name="radiation" layername="radiation" frame="0" z_index="12" m_a="1.000000" m_b="0.000000" m_c="0.000000" m_d="0.973511" m_tx="0.155602" m_ty="-0.834025"/>
  </frame>
  <frame idx="100" w="84" h="90" x="0.647533" y="-1.062008">
   <element name="frame_circle" layername="frame_circle" frame="0" z_index="13" m_a="1.017810" m_b="0.000000" m_c="0.000000" m_d="1.017810" m_tx="-0.020339" m_ty="-2.844070"/>
   <element name="wet_level" layername="wet_level" frame="0" z_index="14" m_a="1.342910" m_b="0.000000" m_c="0.000000" m_d="1.342910" m_tx="-0.020339" m_ty="-0.183056"/>
   <element name="Symbol 1" layername="Symbol" frame="0" z_index="15" m_a="1.017810" m_b="0.000000" m_c="0.000000" m_d="1.017810" m_tx="-88.095802" m_ty="-89.349197"/>
   <element name="Symbol 2" layername="Symbol 2" frame="0" z_index="16" m_a="1.017810" m_b="0.000000" m_c="0.000000" m_d="1.017810" m_tx="-88.316101" m_ty="-89.499199"/>
   <element name="radiation" layername="radiation" frame="0" z_index="12" m_a="1.000000" m_b="0.000000" m_c="0.000000" m_d="0.987063" m_tx="0.155602" m_ty="-0.834025"/>
  </frame>
  <frame idx="125" w="84" h="88" x="0.288322" y="-1.311893">
   <element name="frame_circle" layername="frame_circle" frame="0" z_index="13" m_a="1.007930" m_b="0.000000" m_c="0.000000" m_d="1.007930" m_tx="-0.009053" m_ty="-2.708640"/>
   <element name="wet_level" layername="wet_level" frame="0" z_index="14" m_a="1.329870" m_b="0.000000" m_c="0.000000" m_d="1.329870" m_tx="-0.009053" m_ty="-0.081477"/>
   <element name="Symbol 1" layername="Symbol" frame="0" z_index="15" m_a="1.007930" m_b="0.000000" m_c="0.000000" m_d="1.007930" m_tx="-87.237999" m_ty="-88.378502"/>
   <element name="Symbol 2" layername="Symbol 2" frame="0" z_index="16" m_a="1.007930" m_b="0.000000" m_c="0.000000" m_d="1.007930" m_tx="-87.447098" m_ty="-88.528503"/>
   <element name="radiation" layername="radiation" frame="0" z_index="12" m_a="1.000000" m_b="0.000000" m_c="0.000000" m_d="0.987063" m_tx="0.155602" m_ty="-0.834025"/>
  </frame>
  <frame idx="150" w="84" h="88" x="0.081802" y="-1.455627">
   <element name="frame_circle" layername="frame_circle" frame="0" z_index="13" m_a="1.002250" m_b="0.000000" m_c="0.000000" m_d="1.002250" m_tx="-0.002571" m_ty="-2.630850"/>
   <element name="wet_level" layername="wet_level" frame="0" z_index="14" m_a="1.322380" m_b="0.000000" m_c="0.000000" m_d="1.322380" m_tx="-0.002571" m_ty="-0.023135"/>
   <element name="Symbol 1" layername="Symbol" frame="0" z_index="15" m_a="1.002250" m_b="0.000000" m_c="0.000000" m_d="1.002250" m_tx="-86.745300" m_ty="-87.821098"/>
   <element name="Symbol 2" layername="Symbol 2" frame="0" z_index="16" m_a="1.002250" m_b="0.000000" m_c="0.000000" m_d="1.002250" m_tx="-86.947899" m_ty="-87.971100"/>
   <element name="radiation" layername="radiation" frame="0" z_index="12" m_a="1.000000" m_b="0.000000" m_c="0.000000" m_d="0.987063" m_tx="0.155602" m_ty="-0.834025"/>
  </frame>
  <frame idx="175" w="84" h="88" x="0.077801" y="-1.512524">
   <element name="frame_circle" layername="frame_circle" frame="0" z_index="13" m_a="1.000000" m_b="0.000000" m_c="0.000000" m_d="1.000000" m_tx="0.000000" m_ty="-2.600000"/>
   <element name="wet_level" layername="wet_level" frame="0" z_index="14" m_a="1.319410" m_b="0.000000" m_c="0.000000" m_d="1.319410" m_tx="0.000000" m_ty="0.000000"/>
   <element name="Symbol 1" layername="Symbol" frame="0" z_index="15" m_a="1.000000" m_b="0.000000" m_c="0.000000" m_d="1.000000" m_tx="-86.550003" m_ty="-87.599998"/>
   <element name="Symbol 2" layername="Symbol 2" frame="0" z_index="16" m_a="1.000000" m_b="0.000000" m_c="0.000000" m_d="1.000000" m_tx="-86.750000" m_ty="-87.750000"/>
   <element name="radiation" layername="radiation" frame="0" z_index="12" m_a="1.000000" m_b="0.000000" m_c="0.000000" m_d="0.987063" m_tx="0.155602" m_ty="-0.834025"/>
  </frame>
 </anim>
</Anims>
