<Anims>
 <anim name="idle" root="pillar_torrenivdesert" numframes="100" framerate="40">
  <frame idx="0" w="1250" h="2392" x="213.843201" y="-42.083008">
   <element name="pillar" layername="pillar" frame="0" z_index="1" m_a="2.301374" m_b="0.000000" m_c="0.000000" m_d="2.301374" m_tx="3.861905" m_ty="-542.061890"/>
   <element name="shdw" layername="shdw" frame="0" z_index="2" m_a="1.000000" m_b="0.000000" m_c="0.000000" m_d="1.000000" m_tx="30.900000" m_ty="97.349998"/>
  </frame>
  <frame idx="25" w="1250" h="2392" x="213.843201" y="-42.083008">
   <element name="pillar" layername="pillar" frame="0" z_index="1" m_a="2.301374" m_b="0.000000" m_c="0.000000" m_d="2.301374" m_tx="3.861905" m_ty="-542.061890"/>
   <element name="shdw" layername="shdw" frame="0" z_index="2" m_a="1.000000" m_b="0.000000" m_c="0.000000" m_d="1.000000" m_tx="30.900000" m_ty="97.349998"/>
  </frame>
  <frame idx="50" w="1250" h="2392" x="213.843201" y="-42.083008">
   <element name="pillar" layername="pillar" frame="0" z_index="1" m_a="2.301374" m_b="0.000000" m_c="0.000000" m_d="2.301374" m_tx="3.861905" m_ty="-542.061890"/>
   <element name="shdw" layername="shdw" frame="0" z_index="2" m_a="1.000000" m_b="0.000000" m_c="0.000000" m_d="1.000000" m_tx="30.900000" m_ty="97.349998"/>
  </frame>
  <frame idx="75" w="1250" h="2392" x="213.843201" y="-42.083008">
   <element name="pillar" layername="pillar" frame="0" z_index="1" m_a="2.301374" m_b="0.000000" m_c="0.000000" m_d="2.301374" m_tx="3.861905" m_ty="-542.061890"/>
   <element name="shdw" layername="shdw" frame="0" z_index="2" m_a="1.000000" m_b="0.000000" m_c="0.000000" m_d="1.000000" m_tx="30.900000" m_ty="97.349998"/>
  </frame>
 </anim>
</Anims>
