<Anims>
 <anim name="sparks_1" root="radiation_clouds" numframes="425" framerate="40">
  <frame idx="0" w="52" h="31" x="-2.150537" y="-3.225806">
   <element name="sprk_1" layername="sprk" frame="0" z_index="8" m_a="1.000000" m_b="0.000000" m_c="0.000000" m_d="1.000000" m_tx="-2.150538" m_ty="-3.225806"/>
  </frame>
  <frame idx="25" w="49" h="58" x="-0.493702" y="-20.461735">
   <element name="sprk_1" layername="sprk" frame="0" z_index="8" m_a="0.967496" m_b="0.000000" m_c="0.000000" m_d="1.276724" m_tx="0.221379" m_ty="-23.782415"/>
  </frame>
  <frame idx="50" w="44" h="77" x="2.188129" y="-36.050835">
   <element name="sprk_1" layername="sprk" frame="0" z_index="8" m_a="0.955795" m_b="0.000000" m_c="0.000000" m_d="1.376344" m_tx="3.160639" m_ty="-40.566963"/>
  </frame>
  <frame idx="75" w="42" h="91" x="4.143164" y="-48.106873">
   <element name="sprk_1" layername="sprk" frame="0" z_index="8" m_a="0.955795" m_b="0.000000" m_c="0.000000" m_d="1.376344" m_tx="5.115673" m_ty="-52.623005"/>
  </frame>
  <frame idx="100" w="43" h="97" x="3.328566" y="-54.623657">
   <element name="sprk_1" layername="sprk" frame="0" z_index="8" m_a="0.955795" m_b="0.000000" m_c="0.000000" m_d="1.376344" m_tx="4.301075" m_ty="-59.139786"/>
  </frame>
  <frame idx="125" w="43" h="102" x="3.328566" y="-58.576851">
   <element name="sprk_1" layername="sprk" frame="0" z_index="8" m_a="0.955795" m_b="0.000000" m_c="0.000000" m_d="1.376344" m_tx="4.301075" m_ty="-63.092979"/>
  </frame>
  <frame idx="150" w="55" h="118" x="3.584679" y="-62.665363">
   <element name="sprk_1" layername="sprk" frame="1" z_index="8" m_a="0.955795" m_b="0.000000" m_c="0.000000" m_d="1.376344" m_tx="4.822418" m_ty="-68.686867"/>
  </frame>
  <frame idx="175" w="710" h="554" x="-89.072693" y="-136.941208">
   <element name="sprk_1" layername="sprk" frame="6" z_index="6" m_a="-0.604009" m_b="0.689463" m_c="0.598255" m_d="0.524105" m_tx="214.525803" m_ty="-220.991837"/>
   <element name="sprk_1" layername="sprk" frame="7" z_index="7" m_a="-0.613083" m_b="0.180496" m_c="0.180496" m_d="0.613083" m_tx="-52.950001" m_ty="43.849998"/>
   <element name="sprk_1" layername="sprk" frame="6" z_index="8" m_a="-0.407822" m_b="0.687485" m_c="0.687485" m_d="0.407822" m_tx="189.407898" m_ty="-304.685425"/>
   <element name="sprk_1" layername="sprk" frame="2" z_index="5" m_a="0.980980" m_b="0.000000" m_c="0.000000" m_d="1.425003" m_tx="5.637015" m_ty="-75.203651"/>
  </frame>
  <frame idx="200" w="919" h="345" x="-248.526184" y="104.947098">
   <element name="sprk_1" layername="sprk" frame="7" z_index="5" m_a="-0.604009" m_b="0.689463" m_c="0.598255" m_d="0.524105" m_tx="-228.066177" m_ty="303.681824"/>
   <element name="sprk_1" layername="sprk" frame="7" z_index="6" m_a="0.464203" m_b="0.072435" m_c="-0.098214" m_d="0.629408" m_tx="21.850000" m_ty="22.350000"/>
   <element name="sprk_1" layername="sprk" frame="7" z_index="7" m_a="-0.613083" m_b="0.180496" m_c="0.180496" m_d="0.613083" m_tx="-52.950001" m_ty="43.849998"/>
   <element name="sprk_1" layername="sprk" frame="7" z_index="8" m_a="-0.407822" m_b="0.687485" m_c="0.687485" m_d="0.407822" m_tx="-104.854073" m_ty="216.631531"/>
   <element name="sprk_1" layername="sprk" frame="2" z_index="4" m_a="1.059685" m_b="0.000000" m_c="0.000000" m_d="1.577061" m_tx="6.451613" m_ty="-81.720428"/>
  </frame>
  <frame idx="225" w="921" h="350" x="-246.188629" y="103.365822">
   <element name="sprk_1" layername="sprk" frame="7" z_index="5" m_a="-0.604009" m_b="0.689463" m_c="0.598255" m_d="0.524105" m_tx="-228.066177" m_ty="303.681824"/>
   <element name="sprk_1" layername="sprk" frame="7" z_index="6" m_a="0.464203" m_b="0.072435" m_c="-0.098214" m_d="0.629408" m_tx="21.850000" m_ty="22.350000"/>
   <element name="sprk_1" layername="sprk" frame="7" z_index="7" m_a="-0.613083" m_b="0.180496" m_c="0.180496" m_d="0.613083" m_tx="-52.950001" m_ty="43.849998"/>
   <element name="sprk_1" layername="sprk" frame="7" z_index="8" m_a="-0.407822" m_b="0.687485" m_c="0.687485" m_d="0.407822" m_tx="-104.854073" m_ty="216.631531"/>
   <element name="sprk_1" layername="sprk" frame="2" z_index="4" m_a="1.128436" m_b="0.000000" m_c="0.000000" m_d="1.682479" m_tx="6.451613" m_ty="-84.882988"/>
  </frame>
  <frame idx="250" w="924" h="359" x="-243.552643" y="100.450523">
   <element name="sprk_1" layername="sprk" frame="7" z_index="4" m_a="-0.604009" m_b="0.689463" m_c="0.598255" m_d="0.524105" m_tx="-228.066177" m_ty="303.681824"/>
   <element name="sprk_1" layername="sprk" frame="7" z_index="5" m_a="0.464203" m_b="0.072435" m_c="-0.098214" m_d="0.629408" m_tx="21.850000" m_ty="22.350000"/>
   <element name="sprk_1" layername="sprk" frame="7" z_index="6" m_a="-0.613083" m_b="0.180496" m_c="0.180496" m_d="0.613083" m_tx="-52.950001" m_ty="43.849998"/>
   <element name="sprk_1" layername="sprk" frame="7" z_index="7" m_a="-0.407822" m_b="0.687485" m_c="0.687485" m_d="0.407822" m_tx="-104.854073" m_ty="216.631531"/>
   <element name="sprk_1" layername="sprk" frame="7" z_index="8" m_a="0.451584" m_b="0.451584" m_c="-0.565674" m_d="0.565674" m_tx="-6.550000" m_ty="3.550000"/>
   <element name="sprk_1" layername="sprk" frame="2" z_index="3" m_a="1.213633" m_b="0.000000" m_c="0.000000" m_d="1.743601" m_tx="5.930271" m_ty="-90.713585"/>
  </frame>
  <frame idx="275" w="928" h="368" x="-240.361542" y="97.957848">
   <element name="sprk_1" layername="sprk" frame="7" z_index="4" m_a="-0.604009" m_b="0.689463" m_c="0.598255" m_d="0.524105" m_tx="-228.066177" m_ty="303.681824"/>
   <element name="sprk_1" layername="sprk" frame="7" z_index="5" m_a="0.464203" m_b="0.072435" m_c="-0.098214" m_d="0.629408" m_tx="21.850000" m_ty="22.350000"/>
   <element name="sprk_1" layername="sprk" frame="7" z_index="6" m_a="-0.613083" m_b="0.180496" m_c="0.180496" m_d="0.613083" m_tx="-52.950001" m_ty="43.849998"/>
   <element name="sprk_1" layername="sprk" frame="7" z_index="7" m_a="-0.407822" m_b="0.687485" m_c="0.687485" m_d="0.407822" m_tx="-104.854073" m_ty="216.631531"/>
   <element name="sprk_1" layername="sprk" frame="7" z_index="8" m_a="0.451584" m_b="0.451584" m_c="-0.565674" m_d="0.565674" m_tx="-6.550000" m_ty="3.550000"/>
   <element name="sprk_1" layername="sprk" frame="2" z_index="3" m_a="1.315634" m_b="0.000000" m_c="0.000000" m_d="1.826147" m_tx="5.376344" m_ty="-95.698921"/>
  </frame>
  <frame idx="300" w="932" h="368" x="-236.347595" y="97.957848">
   <element name="sprk_1" layername="sprk" frame="7" z_index="4" m_a="-0.604009" m_b="0.689463" m_c="0.598255" m_d="0.524105" m_tx="-228.066177" m_ty="303.681824"/>
   <element name="sprk_1" layername="sprk" frame="7" z_index="5" m_a="0.464203" m_b="0.072435" m_c="-0.098214" m_d="0.629408" m_tx="21.850000" m_ty="22.350000"/>
   <element name="sprk_1" layername="sprk" frame="7" z_index="6" m_a="-0.613083" m_b="0.180496" m_c="0.180496" m_d="0.613083" m_tx="-52.950001" m_ty="43.849998"/>
   <element name="sprk_1" layername="sprk" frame="7" z_index="7" m_a="-0.407822" m_b="0.687485" m_c="0.687485" m_d="0.407822" m_tx="-104.854073" m_ty="216.631531"/>
   <element name="sprk_1" layername="sprk" frame="7" z_index="8" m_a="0.451584" m_b="0.451584" m_c="-0.565674" m_d="0.565674" m_tx="-6.550000" m_ty="3.550000"/>
   <element name="sprk_1" layername="sprk" frame="2" z_index="3" m_a="1.433692" m_b="0.000000" m_c="0.000000" m_d="2.007168" m_tx="5.376344" m_ty="-95.698921"/>
  </frame>
  <frame idx="325" w="938" h="368" x="-231.683167" y="97.957848">
   <element name="sprk_1" layername="sprk" frame="7" z_index="4" m_a="-0.604009" m_b="0.689463" m_c="0.598255" m_d="0.524105" m_tx="-228.066177" m_ty="303.681824"/>
   <element name="sprk_1" layername="sprk" frame="7" z_index="5" m_a="0.464203" m_b="0.072435" m_c="-0.098214" m_d="0.629408" m_tx="21.850000" m_ty="22.350000"/>
   <element name="sprk_1" layername="sprk" frame="7" z_index="6" m_a="-0.613083" m_b="0.180496" m_c="0.180496" m_d="0.613083" m_tx="-52.950001" m_ty="43.849998"/>
   <element name="sprk_1" layername="sprk" frame="7" z_index="7" m_a="-0.407822" m_b="0.687485" m_c="0.687485" m_d="0.407822" m_tx="-104.854073" m_ty="216.631531"/>
   <element name="sprk_1" layername="sprk" frame="7" z_index="8" m_a="0.451584" m_b="0.451584" m_c="-0.565674" m_d="0.565674" m_tx="-6.550000" m_ty="3.550000"/>
   <element name="sprk_1" layername="sprk" frame="2" z_index="3" m_a="1.570880" m_b="0.000000" m_c="0.000000" m_d="2.202093" m_tx="5.376344" m_ty="-95.698921"/>
  </frame>
  <frame idx="350" w="942" h="374" x="-227.763458" y="95.957848">
   <element name="sprk_1" layername="sprk" frame="7" z_index="4" m_a="-0.604009" m_b="0.689463" m_c="0.598255" m_d="0.524105" m_tx="-228.066177" m_ty="303.681824"/>
   <element name="sprk_1" layername="sprk" frame="7" z_index="5" m_a="0.464203" m_b="0.072435" m_c="-0.098214" m_d="0.629408" m_tx="21.850000" m_ty="22.350000"/>
   <element name="sprk_1" layername="sprk" frame="7" z_index="6" m_a="-0.613083" m_b="0.180496" m_c="0.180496" m_d="0.613083" m_tx="-52.950001" m_ty="43.849998"/>
   <element name="sprk_1" layername="sprk" frame="7" z_index="7" m_a="-0.407822" m_b="0.687485" m_c="0.687485" m_d="0.407822" m_tx="-104.854073" m_ty="216.631531"/>
   <element name="sprk_1" layername="sprk" frame="7" z_index="8" m_a="0.451584" m_b="0.451584" m_c="-0.565674" m_d="0.565674" m_tx="-6.550000" m_ty="3.550000"/>
   <element name="sprk_1" layername="sprk" frame="3" z_index="3" m_a="1.620268" m_b="0.000000" m_c="0.000000" m_d="2.272266" m_tx="5.376344" m_ty="-95.698921"/>
  </frame>
  <frame idx="375" w="946" h="392" x="-223.282379" y="90.457855">
   <element name="sprk_1" layername="sprk" frame="7" z_index="4" m_a="-0.604009" m_b="0.689463" m_c="0.598255" m_d="0.524105" m_tx="-228.066177" m_ty="303.681824"/>
   <element name="sprk_1" layername="sprk" frame="7" z_index="5" m_a="0.464203" m_b="0.072435" m_c="-0.098214" m_d="0.629408" m_tx="21.850000" m_ty="22.350000"/>
   <element name="sprk_1" layername="sprk" frame="7" z_index="6" m_a="-0.613083" m_b="0.180496" m_c="0.180496" m_d="0.613083" m_tx="-52.950001" m_ty="43.849998"/>
   <element name="sprk_1" layername="sprk" frame="7" z_index="7" m_a="-0.407822" m_b="0.687485" m_c="0.687485" m_d="0.407822" m_tx="-104.854073" m_ty="216.631531"/>
   <element name="sprk_1" layername="sprk" frame="7" z_index="8" m_a="0.451584" m_b="0.451584" m_c="-0.565674" m_d="0.565674" m_tx="-6.550000" m_ty="3.550000"/>
   <element name="sprk_1" layername="sprk" frame="4" z_index="3" m_a="1.620268" m_b="0.000000" m_c="0.000000" m_d="2.272266" m_tx="5.376344" m_ty="-95.698921"/>
  </frame>
  <frame idx="400" w="952" h="362" x="-218.801331" y="99.457848">
   <element name="sprk_1" layername="sprk" frame="7" z_index="4" m_a="-0.604009" m_b="0.689463" m_c="0.598255" m_d="0.524105" m_tx="-228.066177" m_ty="303.681824"/>
   <element name="sprk_1" layername="sprk" frame="7" z_index="5" m_a="0.464203" m_b="0.072435" m_c="-0.098214" m_d="0.629408" m_tx="21.850000" m_ty="22.350000"/>
   <element name="sprk_1" layername="sprk" frame="7" z_index="6" m_a="-0.613083" m_b="0.180496" m_c="0.180496" m_d="0.613083" m_tx="-52.950001" m_ty="43.849998"/>
   <element name="sprk_1" layername="sprk" frame="7" z_index="7" m_a="-0.407822" m_b="0.687485" m_c="0.687485" m_d="0.407822" m_tx="-104.854073" m_ty="216.631531"/>
   <element name="sprk_1" layername="sprk" frame="7" z_index="8" m_a="0.451584" m_b="0.451584" m_c="-0.565674" m_d="0.565674" m_tx="-6.550000" m_ty="3.550000"/>
   <element name="sprk_1" layername="sprk" frame="5" z_index="3" m_a="1.620268" m_b="0.000000" m_c="0.000000" m_d="2.272266" m_tx="5.376344" m_ty="-95.698921"/>
  </frame>
 </anim>
 <anim name="sparks_2" root="radiation_clouds" numframes="425" framerate="40">
  <frame idx="0" w="79" h="109" x="2.453983" y="-40.778740">
   <element name="sprk_1" layername="sprk" frame="0" z_index="8" m_a="1.656566" m_b="0.000000" m_c="0.000000" m_d="2.418182" m_tx="-11.990469" m_ty="-57.796921"/>
  </frame>
  <frame idx="25" w="65" h="125" x="14.873798" y="-54.481865">
   <element name="sprk_1" layername="sprk" frame="0" z_index="8" m_a="1.656566" m_b="0.000000" m_c="0.000000" m_d="2.418182" m_tx="0.429345" m_ty="-71.500046"/>
  </frame>
  <frame idx="50" w="62" h="138" x="17.587444" y="-65.999962">
   <element name="sprk_1" layername="sprk" frame="0" z_index="8" m_a="1.656566" m_b="0.000000" m_c="0.000000" m_d="2.418182" m_tx="3.142991" m_ty="-83.018143"/>
  </frame>
  <frame idx="75" w="81" h="161" x="20.095564" y="-68.315155">
   <element name="sprk_1" layername="sprk" frame="1" z_index="8" m_a="1.656566" m_b="0.000000" m_c="0.000000" m_d="2.418182" m_tx="1.711714" m_ty="-91.006065"/>
  </frame>
  <frame idx="100" w="80" h="164" x="21.458235" y="-71.413277">
   <element name="sprk_1" layername="sprk" frame="1" z_index="8" m_a="1.656566" m_b="0.000000" m_c="0.000000" m_d="2.418182" m_tx="3.074384" m_ty="-94.104187"/>
  </frame>
  <frame idx="125" w="84" h="164" x="17.311800" y="-70.809784">
   <element name="sprk_1" layername="sprk" frame="1" z_index="8" m_a="1.656566" m_b="0.000000" m_c="0.000000" m_d="2.418182" m_tx="-1.072049" m_ty="-93.500694"/>
  </frame>
  <frame idx="150" w="102" h="189" x="21.556118" y="-64.155624">
   <element name="sprk_1" layername="sprk" frame="2" z_index="8" m_a="1.656566" m_b="0.000000" m_c="0.000000" m_d="2.418182" m_tx="-0.767123" m_ty="-95.355629"/>
  </frame>
  <frame idx="175" w="98" h="192" x="24.323942" y="-66.777817">
   <element name="sprk_1" layername="sprk" frame="2" z_index="8" m_a="1.656566" m_b="0.000000" m_c="0.000000" m_d="2.418182" m_tx="2.000696" m_ty="-97.977814"/>
  </frame>
  <frame idx="200" w="95" h="193" x="27.004641" y="-68.091812">
   <element name="sprk_1" layername="sprk" frame="2" z_index="8" m_a="1.656566" m_b="0.000000" m_c="0.000000" m_d="2.418182" m_tx="4.681394" m_ty="-99.291817"/>
  </frame>
  <frame idx="225" w="94" h="195" x="28.555544" y="-70.437057">
   <element name="sprk_1" layername="sprk" frame="2" z_index="8" m_a="1.656566" m_b="0.000000" m_c="0.000000" m_d="2.418182" m_tx="6.232298" m_ty="-101.637062"/>
  </frame>
  <frame idx="250" w="87" h="201" x="34.379711" y="-75.237396">
   <element name="sprk_1" layername="sprk" frame="2" z_index="8" m_a="1.656566" m_b="0.000000" m_c="0.000000" m_d="2.418182" m_tx="12.056465" m_ty="-106.437393"/>
  </frame>
  <frame idx="275" w="81" h="208" x="40.194233" y="-81.609238">
   <element name="sprk_1" layername="sprk" frame="2" z_index="8" m_a="1.656566" m_b="0.000000" m_c="0.000000" m_d="2.418182" m_tx="17.870987" m_ty="-112.809227"/>
  </frame>
  <frame idx="300" w="80" h="215" x="40.880375" y="-88.385941">
   <element name="sprk_1" layername="sprk" frame="2" z_index="8" m_a="1.656566" m_b="0.000000" m_c="0.000000" m_d="2.418182" m_tx="18.557129" m_ty="-119.585938"/>
  </frame>
  <frame idx="325" w="71" h="218" x="49.066204" y="-91.246735">
   <element name="sprk_1" layername="sprk" frame="2" z_index="8" m_a="1.656566" m_b="0.000000" m_c="0.000000" m_d="2.418182" m_tx="26.742954" m_ty="-122.446732"/>
  </frame>
  <frame idx="350" w="82" h="246" x="45.648579" y="-96.611267">
   <element name="sprk_1" layername="sprk" frame="3" z_index="8" m_a="1.656566" m_b="0.000000" m_c="0.000000" m_d="2.418182" m_tx="22.012203" m_ty="-133.483994"/>
  </frame>
  <frame idx="375" w="108" h="302" x="34.776936" y="-94.146667">
   <element name="sprk_1" layername="sprk" frame="4" z_index="8" m_a="1.656566" m_b="0.000000" m_c="0.000000" m_d="2.418182" m_tx="8.514293" m_ty="-146.619400"/>
  </frame>
  <frame idx="400" w="139" h="242" x="20.714428" y="-127.494423">
   <element name="sprk_1" layername="sprk" frame="5" z_index="8" m_a="1.656566" m_b="0.000000" m_c="0.000000" m_d="2.418182" m_tx="-8.174480" m_ty="-154.439880"/>
  </frame>
 </anim>
 <anim name="sparks_3" root="radiation_clouds" numframes="425" framerate="40">
  <frame idx="0" w="50" h="35" x="-0.208849" y="-6.898649">
   <element name="sprk_1" layername="sprk" frame="0" z_index="8" m_a="1.000000" m_b="0.000000" m_c="0.000000" m_d="1.000000" m_tx="-0.208849" m_ty="-6.898649"/>
  </frame>
  <frame idx="25" w="55" h="72" x="-1.478741" y="-30.476589">
   <element name="sprk_1" layername="sprk" frame="0" z_index="8" m_a="1.080102" m_b="0.000000" m_c="0.000000" m_d="1.435616" m_tx="-3.240989" m_ty="-35.703983"/>
  </frame>
  <frame idx="50" w="58" h="114" x="10.214140" y="-51.090374">
   <element name="sprk_1" layername="sprk" frame="1" z_index="8" m_a="1.108939" m_b="0.000000" m_c="0.000000" m_d="1.592438" m_tx="7.163847" m_ty="-60.569378"/>
  </frame>
  <frame idx="75" w="68" h="158" x="17.585339" y="-67.844826">
   <element name="sprk_1" layername="sprk" frame="2" z_index="8" m_a="1.153070" m_b="0.000000" m_c="0.000000" m_d="1.687446" m_tx="12.380966" m_ty="-82.968628"/>
  </frame>
  <frame idx="100" w="97" h="189" x="0.406052" y="-83.181229">
   <element name="sprk_1" layername="sprk" frame="2" z_index="8" m_a="1.290978" m_b="0.000000" m_c="0.000000" m_d="1.984344" m_tx="-9.487200" m_ty="-104.836792"/>
  </frame>
  <frame idx="125" w="102" h="197" x="-4.142162" y="-91.519608">
   <element name="sprk_1" layername="sprk" frame="2" z_index="8" m_a="1.290978" m_b="0.000000" m_c="0.000000" m_d="1.984344" m_tx="-14.035411" m_ty="-113.175179"/>
  </frame>
  <frame idx="150" w="110" h="207" x="-7.807865" y="-95.076813">
   <element name="sprk_1" layername="sprk" frame="2" z_index="8" m_a="1.348931" m_b="0.000000" m_c="0.000000" m_d="2.095420" m_tx="-19.671516" m_ty="-119.176064"/>
  </frame>
  <frame idx="175" w="119" h="215" x="-11.462517" y="-96.666588">
   <element name="sprk_1" layername="sprk" frame="2" z_index="8" m_a="1.410506" m_b="0.000000" m_c="0.000000" m_d="2.213439" m_tx="-25.419720" m_ty="-123.362251"/>
  </frame>
  <frame idx="200" w="125" h="218" x="-16.148556" y="-99.790611">
   <element name="sprk_1" layername="sprk" frame="2" z_index="8" m_a="1.410506" m_b="0.000000" m_c="0.000000" m_d="2.213439" m_tx="-30.105757" m_ty="-126.486275"/>
  </frame>
  <frame idx="225" w="128" h="219" x="-14.665440" y="-98.308228">
   <element name="sprk_1" layername="sprk" frame="2" z_index="8" m_a="1.476422" m_b="0.000000" m_c="0.000000" m_d="2.280820" m_tx="-30.863792" m_ty="-126.486275"/>
  </frame>
  <frame idx="250" w="129" h="222" x="-14.631359" y="-98.774261">
   <element name="sprk_1" layername="sprk" frame="2" z_index="8" m_a="1.500152" m_b="0.000000" m_c="0.000000" m_d="2.305077" m_tx="-31.636528" m_ty="-127.485962"/>
  </frame>
  <frame idx="275" w="131" h="223" x="-13.930939" y="-99.103333">
   <element name="sprk_1" layername="sprk" frame="2" z_index="8" m_a="1.536373" m_b="0.000000" m_c="0.000000" m_d="2.338400" m_tx="-32.167610" m_ty="-128.548126"/>
  </frame>
  <frame idx="300" w="136" h="226" x="-10.082500" y="-96.812378">
   <element name="sprk_1" layername="sprk" frame="2" z_index="8" m_a="1.649562" m_b="0.000000" m_c="0.000000" m_d="2.442534" m_tx="-32.167610" m_ty="-128.548126"/>
  </frame>
  <frame idx="325" w="138" h="229" x="-12.356602" y="-99.844528">
   <element name="sprk_1" layername="sprk" frame="2" z_index="8" m_a="1.649562" m_b="0.000000" m_c="0.000000" m_d="2.442534" m_tx="-34.441715" m_ty="-131.580276"/>
  </frame>
  <frame idx="350" w="146" h="246" x="-12.376007" y="-95.165962">
   <element name="sprk_1" layername="sprk" frame="3" z_index="8" m_a="1.649562" m_b="0.000000" m_c="0.000000" m_d="2.442534" m_tx="-35.760239" m_ty="-132.671844"/>
  </frame>
  <frame idx="375" w="158" h="288" x="-10.308838" y="-79.298088">
   <element name="sprk_1" layername="sprk" frame="4" z_index="8" m_a="1.649562" m_b="0.000000" m_c="0.000000" m_d="2.442534" m_tx="-36.291325" m_ty="-132.671844"/>
  </frame>
  <frame idx="400" w="169" h="219" x="-7.710594" y="-105.263702">
   <element name="sprk_1" layername="sprk" frame="5" z_index="8" m_a="1.649562" m_b="0.000000" m_c="0.000000" m_d="2.442534" m_tx="-36.291325" m_ty="-132.671844"/>
  </frame>
 </anim>
</Anims>
