<Anims>
 <anim name="idle" root="pillar_junk" numframes="100" framerate="40">
  <frame idx="0" w="995" h="4218" x="-17.650146" y="-1136.000977">
   <element name="pillar" layername="pillar" frame="0" z_index="1" m_a="1.000000" m_b="0.000000" m_c="0.000000" m_d="1.000000" m_tx="-5.900000" m_ty="-837.299988"/>
   <element name="shdw" layername="shdw" frame="0" z_index="2" m_a="1.000000" m_b="0.000000" m_c="0.000000" m_d="1.000000" m_tx="30.900000" m_ty="97.349998"/>
  </frame>
  <frame idx="25" w="995" h="4218" x="-17.650146" y="-1136.000977">
   <element name="pillar" layername="pillar" frame="0" z_index="1" m_a="1.000000" m_b="0.000000" m_c="0.000000" m_d="1.000000" m_tx="-5.900000" m_ty="-837.299988"/>
   <element name="shdw" layername="shdw" frame="0" z_index="2" m_a="1.000000" m_b="0.000000" m_c="0.000000" m_d="1.000000" m_tx="30.900000" m_ty="97.349998"/>
  </frame>
  <frame idx="50" w="995" h="4218" x="-17.650146" y="-1136.000977">
   <element name="pillar" layername="pillar" frame="0" z_index="1" m_a="1.000000" m_b="0.000000" m_c="0.000000" m_d="1.000000" m_tx="-5.900000" m_ty="-837.299988"/>
   <element name="shdw" layername="shdw" frame="0" z_index="2" m_a="1.000000" m_b="0.000000" m_c="0.000000" m_d="1.000000" m_tx="30.900000" m_ty="97.349998"/>
  </frame>
  <frame idx="75" w="995" h="4218" x="-17.650146" y="-1136.000977">
   <element name="pillar" layername="pillar" frame="0" z_index="1" m_a="1.000000" m_b="0.000000" m_c="0.000000" m_d="1.000000" m_tx="-5.900000" m_ty="-837.299988"/>
   <element name="shdw" layername="shdw" frame="0" z_index="2" m_a="1.000000" m_b="0.000000" m_c="0.000000" m_d="1.000000" m_tx="30.900000" m_ty="97.349998"/>
  </frame>
 </anim>
</Anims>
